path	mode	sha256	prior_10f5_status	prior_stitch_status	release_status	cookbook_locators	producer	direct_module_inputs	app_provenance	gap_ids	assessment
.cursor/BUGBOT.md	100644	1999ec5058dc24a9a6b135536979dda055e0fb0eeb20c510032856bc293e050a	PARTIAL	not_in_stitch_table	partial	klappy/3d-review-cookbook@ecab91ae12f7361f1b8d273b15c095c681a67445:planning/2026-09-16-parity-build/operations/A8-DEV-PRODUCTION.md ; klappy/3d-review-cookbook@ecab91ae12f7361f1b8d273b15c095c681a67445:planning/2026-09-16-parity-build/prd/18-H-infra.md	Hand-authored file at recorded app provenance; no maintained executable cookbook producer identified.		klappy/3d-review-app@a57ba930ced3c23616982c7dab291949b75a3b8a:.cursor/BUGBOT.md; lasttouch485914ba578800465a88a3f7afc448bf2e38f73e; blobcde14e0e25ed65e0a898ad418a578c9a92415737	G08	A8 comment-only promotions and literalSUCCESS; kitchen live binding is external authority, not full recipe.
.dev.vars.example	100644	8c7a3b5cbfe27fa9e5571dad723c13e1f4f3f9c03ec2bfc3c0d709ce73db0068	EXTERNAL-INPUT (undeclared)	not_in_stitch_table	external input	klappy/3d-review-cookbook@2e8f76b48902b19bb52aa803102caacd661bacde:planning/2026-09-16-parity-build/prd/18-D-mcp.md ; klappy/3d-review-cookbook@dac8a457647cbd1c5d261d360325ea1d0dff2f75:planning/2026-09-16-reproducible-build/REPROJECTION.md	Hand-authored nonsecret placeholder template; actual random local SESSION_SECRET/CODE_ESCROW_SECRET supplied separately, never tracked.		klappy/3d-review-app@a57ba930ced3c23616982c7dab291949b75a3b8a:.dev.vars.example; lasttouchbcae4e0a411356e019514cf016949a9a117987ef; blob0bc7df13b6bf97dd806f9e86ad5842eccaec9823	G09	Only placeholder names are tracked; actual values excluded. File itself still lacks canonical projection.
.gitignore	100644	ccf8eadc90aab944a0dbcc493b46081089f049be3a1c6d4252c1660a0af523a7	PARTIAL	not_in_stitch_table	partial	klappy/3d-review-cookbook@c6277206fa82a482ba767641c9c68acbabd890f3:planning/2026-09-16-parity-build/16-CONSTRAINTS.md ; klappy/3d-review-cookbook@dac8a457647cbd1c5d261d360325ea1d0dff2f75:planning/2026-09-16-reproducible-build/REPROJECTION.md	Hand-authored file at recorded app provenance; no maintained executable cookbook producer identified.		klappy/3d-review-app@a57ba930ced3c23616982c7dab291949b75a3b8a:.gitignore; lasttouch518e083aee6395fef144f8705b888d1d76941ff7; blob1a76fa43d417f6f05f88d80ea71479a0d332d31c	G01	Exact raw-data deny/rubric CSV exception and build-output policy remain app-only.
AGENTS.md	100644	63a18260243bf4a00e8d3f4232616b9614a25419a649fe5c4fa9de15c5940107	UNSPECIFIED	not_in_stitch_table	partial	klappy/3d-review-cookbook@ecab91ae12f7361f1b8d273b15c095c681a67445:planning/2026-09-16-parity-build/operations/A8-DEV-PRODUCTION.md ; klappy/3d-review-cookbook@ecab91ae12f7361f1b8d273b15c095c681a67445:planning/2026-09-16-parity-build/prd/18-H-infra.md	Hand-authored file at recorded app provenance; no maintained executable cookbook producer identified.		klappy/3d-review-app@a57ba930ced3c23616982c7dab291949b75a3b8a:AGENTS.md; lasttouch485914ba578800465a88a3f7afc448bf2e38f73e; blobe0a18aa9e7af76d90ace919b46791edcc1f0529d	G08	Kitchen HYGIENE3/10a/19 binding plus settled topology; no source template.
INTERFACE.md	100644	c45371deebddf9f3039ce80fa1c27b77fdf631b61fb89bfa49b1772babe2b4fe	UNSPECIFIED	not_in_stitch_table	partial	klappy/3d-review-cookbook@c6277206fa82a482ba767641c9c68acbabd890f3:planning/2026-09-16-parity-build/02-ARCHITECTURE-PROJECTION.md ; klappy/3d-review-cookbook@2e8f76b48902b19bb52aa803102caacd661bacde:planning/2026-09-16-parity-build/prd/18-D-mcp.md ; klappy/3d-review-cookbook@f30fc2cd8a4cf57761ce9560177b41506e98bb32:planning/2026-09-16-parity-build/prd/18-A-shared-link-contract.md	Hand-authored file at recorded app provenance; no maintained executable cookbook producer identified.		klappy/3d-review-app@a57ba930ced3c23616982c7dab291949b75a3b8a:INTERFACE.md; lasttouch699ea5137f536eb601dd79a0abd5f3437ff3f3e5; blob0c614699b0f12a6e98f86981d9b790b253f31337	G01 ; G10	Auth2315a828 exact hunk tree-equivalent699ea513; shared/copy/CAS release corrections require scoped reconciliation.
README.md	100644	1464ba38aca4d873e0cedba826664022c9076b35e26af2a9829fd5cea9cae024	PARTIAL	not_in_stitch_table	partial	klappy/3d-review-cookbook@c6277206fa82a482ba767641c9c68acbabd890f3:planning/2026-09-16-parity-build/02-ARCHITECTURE-PROJECTION.md ; klappy/3d-review-cookbook@ecab91ae12f7361f1b8d273b15c095c681a67445:planning/2026-09-16-parity-build/operations/A8-DEV-PRODUCTION.md ; klappy/3d-review-cookbook@f30fc2cd8a4cf57761ce9560177b41506e98bb32:planning/2026-09-16-parity-build/prd/18-A-shared-link-contract.md	Hand-authored file at recorded app provenance; no maintained executable cookbook producer identified.		klappy/3d-review-app@a57ba930ced3c23616982c7dab291949b75a3b8a:README.md; lasttouch485914ba578800465a88a3f7afc448bf2e38f73e; blobf922625e38f83aa716a1fca6269ac68c0b19fdfe	G08 ; G13	Final83-row correction differs from earlier79; historical local/legacy instructions retained, not shared acceptance.
STITCH-NOTES.md	100644	efb09a20d9adb375e6830820c13581e7b949febf74e2e9c2e7a70b401ad8f614	NEW_SINCE_117	not_in_stitch_table	partial	klappy/3d-review-cookbook@2e8f76b48902b19bb52aa803102caacd661bacde:planning/2026-09-16-parity-build/receipts/2026-09-17-auth-correction-PLAN.md ; klappy/3d-review-cookbook@2e8f76b48902b19bb52aa803102caacd661bacde:planning/2026-09-16-parity-build/prd/18-D-mcp.md ; klappy/3d-review-cookbook@2e8f76b48902b19bb52aa803102caacd661bacde:planning/2026-09-16-parity-build/prd/18-I-testing.md	Hand-authored file at recorded app provenance; no maintained executable cookbook producer identified.		klappy/3d-review-app@a57ba930ced3c23616982c7dab291949b75a3b8a:STITCH-NOTES.md; lasttouch699ea5137f536eb601dd79a0abd5f3437ff3f3e5; blob780e7211b5ebd71d780a3682dd14a4bfb751b487	G01	Historical auth stitch notes from released2315a828, not normative full recipe or runtime acceptance.
contract/README.md	100644	b125f55c4fe1a51a90707249a94a81fac518c7a52d163b69084d703de4c699c5	PARTIAL	not_in_stitch_table	partial	klappy/3d-review-cookbook@f30fc2cd8a4cf57761ce9560177b41506e98bb32:planning/2026-09-16-parity-build/04-CAPABILITY-MATRIX.md ; klappy/3d-review-cookbook@2e8f76b48902b19bb52aa803102caacd661bacde:planning/2026-09-16-parity-build/prd/18-D-mcp.md ; klappy/3d-review-cookbook@f30fc2cd8a4cf57761ce9560177b41506e98bb32:planning/2026-09-16-parity-build/prd/18-A-shared-link-contract.md	Hand-authored file at recorded app provenance; no maintained executable cookbook producer identified.		klappy/3d-review-app@a57ba930ced3c23616982c7dab291949b75a3b8a:contract/README.md; lasttouch43729c8e20eb2902b744920737eeca258f52e069; blobd94af0f2506672ad47263b1235c5f32072aaa34d	G03	Partly frozen bounded schemas coexist with generic OWED text; historical source attribution retained.
contract/capabilities.json	100644	32d9a8a8c37d3bd6868bd6b4c4c2e68e4cc6fd601330a4bb5ff422a6377a0cd1	PARTIAL	not_in_stitch_table	partial	klappy/3d-review-cookbook@f30fc2cd8a4cf57761ce9560177b41506e98bb32:planning/2026-09-16-parity-build/04-CAPABILITY-MATRIX.md ; klappy/3d-review-cookbook@f30fc2cd8a4cf57761ce9560177b41506e98bb32:planning/2026-09-16-parity-build/prd/18-A-shared-link-contract.md ; klappy/3d-review-cookbook@2e8f76b48902b19bb52aa803102caacd661bacde:planning/2026-09-16-parity-build/prd/18-D-mcp.md	Historical tools/gen_contract.py + 04@0f4413768c4365054372d917619311d7c2a00e96; later Auth RATE_LIMITED and five-row API edits; generated_at2026-09-16T23:13:41Z.		klappy/3d-review-app@a57ba930ced3c23616982c7dab291949b75a3b8a:contract/capabilities.json; lasttouchdafefe12f7ddbad512dd2e8acba9b5bd115c2d46; blob4cb84612e161271ec18131210b8aa2d8bf9e96c1	G03	83ids; currentclasses29R/40W/7E/7D; five explicit sharedschemas and AuthRATE_LIMITED preserved;37inferredpathmetadata retained.
contract/contract-manifest.json	100644	67efd0b1bcdeec5bea920152134d7ec74a5a196dc193b10777234e2423990c29	SPECIFIED	not_in_stitch_table	partial	klappy/3d-review-cookbook@f30fc2cd8a4cf57761ce9560177b41506e98bb32:planning/2026-09-16-parity-build/04-CAPABILITY-MATRIX.md ; klappy/3d-review-cookbook@f30fc2cd8a4cf57761ce9560177b41506e98bb32:planning/2026-09-16-parity-build/prd/18-A-shared-link-contract.md ; klappy/3d-review-cookbook@2e8f76b48902b19bb52aa803102caacd661bacde:planning/2026-09-16-parity-build/prd/18-D-mcp.md	Historical tools/gen_contract.py bundle serialization + later shared-link amendment. Source SHA remains old0f441376; open/DRAFT status retained.		klappy/3d-review-app@a57ba930ced3c23616982c7dab291949b75a3b8a:contract/contract-manifest.json; lasttouchad95321e99923666b3dbc9eac163710e6e70ad41; blobc5842ad14801187962cb85340345e89bdfe9dcfc	G03	83ids; currentclasses29R/40W/7E/7D; five explicit sharedschemas and AuthRATE_LIMITED preserved;37inferredpathmetadata retained.
contract/openapi.yaml	100644	235d669936208817a6974d01dab5a4bb01a285ef5c02af0aa9843ca82e15c846	PARTIAL	not_in_stitch_table	partial	klappy/3d-review-cookbook@f30fc2cd8a4cf57761ce9560177b41506e98bb32:planning/2026-09-16-parity-build/04-CAPABILITY-MATRIX.md ; klappy/3d-review-cookbook@f30fc2cd8a4cf57761ce9560177b41506e98bb32:planning/2026-09-16-parity-build/prd/18-A-shared-link-contract.md ; klappy/3d-review-cookbook@2e8f76b48902b19bb52aa803102caacd661bacde:planning/2026-09-16-parity-build/prd/18-D-mcp.md	Historical tools/gen_contract.py (PyYAML safe_dump) + old matrix; later Auth error and five-row shared schema/security patches.		klappy/3d-review-app@a57ba930ced3c23616982c7dab291949b75a3b8a:contract/openapi.yaml; lasttouchdafefe12f7ddbad512dd2e8acba9b5bd115c2d46; bloba234c760d1a3e0361a1b3d05084bfd738872be4c	G03	83ids; currentclasses29R/40W/7E/7D; five explicit sharedschemas and AuthRATE_LIMITED preserved;37inferredpathmetadata retained.
dist/README.md	100644	71f3d4bee1264a5f045804c63ab43aec48b9bd78f3ecc9bfa072fd1208891b46	UNSPECIFIED	not_in_stitch_table	missing	klappy/3d-review-cookbook@dac8a457647cbd1c5d261d360325ea1d0dff2f75:planning/2026-09-16-reproducible-build/REPROJECTION.md ; klappy/3d-review-cookbook@ecab91ae12f7361f1b8d273b15c095c681a67445:planning/2026-09-16-parity-build/prd/18-H-infra.md	Historical Wrangler-generated notice with literal2026-09-16T21:30:28.495Z; no finalnewline.		klappy/3d-review-app@a57ba930ced3c23616982c7dab291949b75a3b8a:dist/README.md; lasttouchffa3111c2a58fefe5c886a354082c3673465773d; blobf399665e1b907aa4bc806dc886da7f2d76b62d3d	G07	All4paths retained in denominator; source-map comparison disproves current-source bundle assumption.
dist/e8ebc59450295a1ae6e68a6eeabcebd738b98c03-openapi.yaml	100644	7967f31ea12ae06b62584590db5fb30b936395574717bc3f26d940a9e4f0f01d	UNSPECIFIED	not_in_stitch_table	missing	klappy/3d-review-cookbook@dac8a457647cbd1c5d261d360325ea1d0dff2f75:planning/2026-09-16-reproducible-build/REPROJECTION.md ; klappy/3d-review-cookbook@ecab91ae12f7361f1b8d273b15c095c681a67445:planning/2026-09-16-parity-build/prd/18-H-infra.md	Historical bundled YAML text module artifact committedffa3111; hash-style filename; exact old OpenAPI producer needs pin.		klappy/3d-review-app@a57ba930ced3c23616982c7dab291949b75a3b8a:dist/e8ebc59450295a1ae6e68a6eeabcebd738b98c03-openapi.yaml; lasttouchffa3111c2a58fefe5c886a354082c3673465773d; blob60433b25ef16b3768338d14e9732013b60a271ee	G07	All4paths retained in denominator; source-map comparison disproves current-source bundle assumption.
dist/index.js	100644	42fb57cb91e0d43ff42c3fee807ce56bede37f9fcb6931a711184b6ad9dec29b	UNSPECIFIED	not_in_stitch_table	missing	klappy/3d-review-cookbook@dac8a457647cbd1c5d261d360325ea1d0dff2f75:planning/2026-09-16-reproducible-build/REPROJECTION.md ; klappy/3d-review-cookbook@ecab91ae12f7361f1b8d273b15c095c681a67445:planning/2026-09-16-parity-build/prd/18-H-infra.md	Historical bundler output committedffa3111; source map proves19/26embedded app sources differ from release; invocation unknown.	./e8ebc59450295a1ae6e68a6eeabcebd738b98c03-openapi.yaml	klappy/3d-review-app@a57ba930ced3c23616982c7dab291949b75a3b8a:dist/index.js; lasttouchffa3111c2a58fefe5c886a354082c3673465773d; blob270581d7ed654af0dd95c1fe72de23fff3b6e92d	G07	All4paths retained in denominator; source-map comparison disproves current-source bundle assumption.
dist/index.js.map	100644	4aff8ceba903f813d14c809a08846fc3b636e8f6f88e6651c6c4e0052a3fd6f6	UNSPECIFIED	not_in_stitch_table	missing	klappy/3d-review-cookbook@dac8a457647cbd1c5d261d360325ea1d0dff2f75:planning/2026-09-16-reproducible-build/REPROJECTION.md ; klappy/3d-review-cookbook@ecab91ae12f7361f1b8d273b15c095c681a67445:planning/2026-09-16-parity-build/prd/18-H-infra.md	Historical bundler/source-map output, sourceRoot dist; exact embedded sourcesContent and mappings require old inputs/flags, not release source.		klappy/3d-review-app@a57ba930ced3c23616982c7dab291949b75a3b8a:dist/index.js.map; lasttouchffa3111c2a58fefe5c886a354082c3673465773d; blob6f32ebad4770d2f03c010b97462d71271eff58d6	G07	All4paths retained in denominator; source-map comparison disproves current-source bundle assumption.
docs/code-escrow-local.md	100644	4412c7cec20d201508596d8977e788e2a4adf2e19118f9bf798f45d9cc5bda42	UNSPECIFIED	not_in_stitch_table	partial	klappy/3d-review-cookbook@c6277206fa82a482ba767641c9c68acbabd890f3:planning/2026-09-16-parity-build/16-CONSTRAINTS.md ; klappy/3d-review-cookbook@2e8f76b48902b19bb52aa803102caacd661bacde:planning/2026-09-16-parity-build/prd/18-I-testing.md	Hand-authored file at recorded app provenance; no maintained executable cookbook producer identified.		klappy/3d-review-app@a57ba930ced3c23616982c7dab291949b75a3b8a:docs/code-escrow-local.md; lasttouch3b84d13eca0bc53b309917de0c7ea67b0cde4135; blob85adfc83f853d3d5563e2a1ee06276503448583d	G01	Escrow local command/crypto/confirm details in app; not permission for remote export or seed.
docs/deploy.md	100644	ed2f36e35cad70e1038656eac69180eb36bb136c8ec2e4646e4a1716d4aa41fe	NEW_SINCE_117	not_in_stitch_table	partial	klappy/3d-review-cookbook@ecab91ae12f7361f1b8d273b15c095c681a67445:planning/2026-09-16-parity-build/operations/A8-DEV-PRODUCTION.md ; klappy/3d-review-cookbook@ecab91ae12f7361f1b8d273b15c095c681a67445:planning/2026-09-16-parity-build/prd/18-H-infra.md	Hand-authored file at recorded app provenance; no maintained executable cookbook producer identified.		klappy/3d-review-app@a57ba930ced3c23616982c7dab291949b75a3b8a:docs/deploy.md; lasttouch485914ba578800465a88a3f7afc448bf2e38f73e; blob47966a57cc6387d243bad58c5c377f2af9ba3c6a	G08	Exact78d0091 documentation folded485914b; operational settings now applied by separate receipts, target text remains then-proposed.
docs/release.md	100644	645383a4f7b3754b0bfdb4b9f73bedc208b5004cd6fd35d1d235e09ca2c78dc4	PARTIAL	not_in_stitch_table	partial	klappy/3d-review-cookbook@ecab91ae12f7361f1b8d273b15c095c681a67445:planning/2026-09-16-parity-build/operations/A8-DEV-PRODUCTION.md ; klappy/3d-review-cookbook@ecab91ae12f7361f1b8d273b15c095c681a67445:planning/2026-09-16-parity-build/prd/18-H-infra.md	Hand-authored file at recorded app provenance; no maintained executable cookbook producer identified.		klappy/3d-review-app@a57ba930ced3c23616982c7dab291949b75a3b8a:docs/release.md; lasttouch485914ba578800465a88a3f7afc448bf2e38f73e; blob8ef470dac0b3ba58e1122dab67a17dbd1c02f660	G08	Historical wrong topology explicitly superseded, hold timelines preserved; no wholesale history rewriting.
docs/release/DEBRIEF.md	100644	e468b9d2cbd058154656c12cbc271d3c3b99dbcd4e75583ba6402dda05a88784	UNSPECIFIED	not_in_stitch_table	partial	klappy/3d-review-cookbook@ecab91ae12f7361f1b8d273b15c095c681a67445:planning/2026-09-16-parity-build/operations/A8-DEV-PRODUCTION.md	Hand-authored file at recorded app provenance; no maintained executable cookbook producer identified.		klappy/3d-review-app@a57ba930ced3c23616982c7dab291949b75a3b8a:docs/release/DEBRIEF.md; lasttouchf29fa56b4a370043d25be99052b724c0c48fcbe1; blobdcf9b12d75fb116a35fdadae7217564360c0e576	G08	Historical governance cargo retained in140denominator; cookbook recipe must preserve attribution and exact content.
docs/release/a8-control-plane-plan.json	100644	a834daca69c3fc1901d91da19d538c0c12b018811a00bab6155317a494e3b144	NEW_SINCE_117	not_in_stitch_table	partial	klappy/3d-review-cookbook@ecab91ae12f7361f1b8d273b15c095c681a67445:planning/2026-09-16-parity-build/operations/A8-DEV-PRODUCTION.md ; klappy/3d-review-cookbook@ecab91ae12f7361f1b8d273b15c095c681a67445:planning/2026-09-16-parity-build/prd/18-H-infra.md	Hand-authored file at recorded app provenance; no maintained executable cookbook producer identified.		klappy/3d-review-app@a57ba930ced3c23616982c7dab291949b75a3b8a:docs/release/a8-control-plane-plan.json; lasttouch485914ba578800465a88a3f7afc448bf2e38f73e; blob2c635d272b086b3d083478485ed0d420fa192dcf	G08	NonexecutingPROPOSED_NOT_APPLIED artifact from78d0091; actual provider action receipts separate, no replay.
docs/release/proposed-ruleset.json	100644	3f91f63937939c61d46be913c3a1f6a08ac60da88fecb70756fd1e19fe54f395	UNSPECIFIED	not_in_stitch_table	partial	klappy/3d-review-cookbook@ecab91ae12f7361f1b8d273b15c095c681a67445:planning/2026-09-16-parity-build/operations/A8-DEV-PRODUCTION.md ; klappy/3d-review-cookbook@ecab91ae12f7361f1b8d273b15c095c681a67445:planning/2026-09-16-parity-build/prd/18-H-infra.md	Hand-authored file at recorded app provenance; no maintained executable cookbook producer identified.		klappy/3d-review-app@a57ba930ced3c23616982c7dab291949b75a3b8a:docs/release/proposed-ruleset.json; lasttouch0e6562ec447a9b20143b576a2859b70d846f8791; blobc810543770564149cc162f80a67e7cd72675a509	G08	Historical23571595 request artifact; maintain exact oldpayload, no provider execution by reconstruction.
docs/ui-recovery-correction.md	100644	22e61a2d395375d638715545a2181dc78ecc76a4dd5dc5b76c95eca4cd51893d	NEW_SINCE_117	UNSPECIFIED	partial	klappy/3d-review-cookbook@f30fc2cd8a4cf57761ce9560177b41506e98bb32:planning/2026-09-16-parity-build/prd/18-A-shared-link-contract.md ; klappy/3d-review-cookbook@41a4ee29c5f7e3c102b83576e3f3c40b7d3a5bc4:design-system/copy.md	Hand-authored file at recorded app provenance; no maintained executable cookbook producer identified.		klappy/3d-review-app@a57ba930ced3c23616982c7dab291949b75a3b8a:docs/ui-recovery-correction.md; lasttoucha281c77136d0e330cc92d22e56f6c5810f7c89ee; blob22428b24469c49b22c00a7ec7d8dc68edeff078c	G06 ; G10	Selected PR18cf143f3 recovery history folded a281c77, shared storage takes precedence.
migrations/0001_init.sql	100644	ba67850c2760adbfdc513c608f3dda482d1e1c9ce45b04daddd72a657122fcc9	PARTIAL	not_in_stitch_table	partial	klappy/3d-review-cookbook@c6277206fa82a482ba767641c9c68acbabd890f3:planning/2026-09-16-parity-build/02-ARCHITECTURE-PROJECTION.md ; klappy/3d-review-cookbook@c6277206fa82a482ba767641c9c68acbabd890f3:planning/2026-09-16-parity-build/03-DOMAIN-MODEL-AND-PERMISSIONS.md ; klappy/3d-review-cookbook@c6277206fa82a482ba767641c9c68acbabd890f3:planning/2026-09-16-parity-build/14-STEVE-REPO-SYNC.md ; klappy/3d-review-cookbook@c6277206fa82a482ba767641c9c68acbabd890f3:planning/2026-09-16-parity-build/prd/18-B-attestation-design.md	Hand-authored file at recorded app provenance; no maintained executable cookbook producer identified.		klappy/3d-review-app@a57ba930ced3c23616982c7dab291949b75a3b8a:migrations/0001_init.sql; lasttoucha4b368ed5ecf8b492cc38ffaf22ab75ab0c2dced; blobe0a6ad3265be661337ce93e0ccc3a518f545f63f	G04	cb12 02-ARCHITECTURE entity list (17 tables named incl. R2/KV ones app lacks) + cb12 03-DOMAIN-MODEL roles/scopes/stages + July schema.sql pinned via cb12 14-FIXTURE-MANIFEST.json (survey-pipeline/db/SCHEMA.md); no column-level DDL, indexes, view `grant_`, `login_code`/`participant_session`/`request` tables anywhere in cookbook
migrations/0002_code_escrow.sql	100644	f11f452682c9c9520f5e7ecd628c110880d2e694400c9a5f3f0f992afef96700	PARTIAL	not_in_stitch_table	partial	klappy/3d-review-cookbook@c6277206fa82a482ba767641c9c68acbabd890f3:planning/2026-09-16-parity-build/02-ARCHITECTURE-PROJECTION.md ; klappy/3d-review-cookbook@c6277206fa82a482ba767641c9c68acbabd890f3:planning/2026-09-16-parity-build/03-DOMAIN-MODEL-AND-PERMISSIONS.md ; klappy/3d-review-cookbook@c6277206fa82a482ba767641c9c68acbabd890f3:planning/2026-09-16-parity-build/14-STEVE-REPO-SYNC.md ; klappy/3d-review-cookbook@c6277206fa82a482ba767641c9c68acbabd890f3:planning/2026-09-16-parity-build/prd/18-B-attestation-design.md	Hand-authored file at recorded app provenance; no maintained executable cookbook producer identified.		klappy/3d-review-app@a57ba930ced3c23616982c7dab291949b75a3b8a:migrations/0002_code_escrow.sql; lasttouchbcae4e0a411356e019514cf016949a9a117987ef; blob0e37cb457305295285ef65d72b11ff344b3f2abd	G04	cb12 16-CONSTRAINTS CON-PRIV-005 (codes never returned by issue; export is confirmed effect); columns batch_id/code_ciphertext/code_iv/exported_at app-only
migrations/0003_language_archive.sql	100644	feded2ce55495fb96170b4587b24b3199e9b490db6b856c16324a5a5291f4df9	PARTIAL	not_in_stitch_table	partial	klappy/3d-review-cookbook@c6277206fa82a482ba767641c9c68acbabd890f3:planning/2026-09-16-parity-build/02-ARCHITECTURE-PROJECTION.md ; klappy/3d-review-cookbook@c6277206fa82a482ba767641c9c68acbabd890f3:planning/2026-09-16-parity-build/03-DOMAIN-MODEL-AND-PERMISSIONS.md ; klappy/3d-review-cookbook@c6277206fa82a482ba767641c9c68acbabd890f3:planning/2026-09-16-parity-build/14-STEVE-REPO-SYNC.md ; klappy/3d-review-cookbook@c6277206fa82a482ba767641c9c68acbabd890f3:planning/2026-09-16-parity-build/prd/18-B-attestation-design.md	Hand-authored file at recorded app provenance; no maintained executable cookbook producer identified.		klappy/3d-review-app@a57ba930ced3c23616982c7dab291949b75a3b8a:migrations/0003_language_archive.sql; lasttouch3aac673aff3c4a80475694ac7f226ffada063d73; blob34e4f31878c8d92ab1be8d1e8ba2db361a078e61	G04	cb12 04-CAPABILITY-MATRIX §C cap.language.archive/unarchive (PROPOSED rows) + cb12 14-STEVE-REPO-SYNC FIX-07 imply archived_at; DDL not stated
migrations/0004_pinned_instruments.sql	100644	7280369baba5d2abbd51cf2c8dc23c0e2014f53cf424e77fd99d98460462d91e	PARTIAL	not_in_stitch_table	partial	klappy/3d-review-cookbook@c6277206fa82a482ba767641c9c68acbabd890f3:planning/2026-09-16-parity-build/02-ARCHITECTURE-PROJECTION.md ; klappy/3d-review-cookbook@c6277206fa82a482ba767641c9c68acbabd890f3:planning/2026-09-16-parity-build/03-DOMAIN-MODEL-AND-PERMISSIONS.md ; klappy/3d-review-cookbook@c6277206fa82a482ba767641c9c68acbabd890f3:planning/2026-09-16-parity-build/14-STEVE-REPO-SYNC.md ; klappy/3d-review-cookbook@c6277206fa82a482ba767641c9c68acbabd890f3:planning/2026-09-16-parity-build/prd/18-B-attestation-design.md	tools/build_pinned_instruments.py <pinned3d-quality-review checkout> --output; f042cde Items/Options blobs; adapter chooses nine templates/version2 and held scoring.		klappy/3d-review-app@a57ba930ced3c23616982c7dab291949b75a3b8a:migrations/0004_pinned_instruments.sql; lasttouch4491617cb2bc2cad5d905625a175c306d8568a37; blobdf52f2861c8c92844e8c2acb50f5a1c6b004371f	G04	"cb12 14-STEVE-REPO-SYNC (9 variants, 111/498, template must carry source commit/item+option ids/version) + cb12 14-FIXTURE-MANIFEST.json blob pins; cb12 prd/18-B-attestation-design pins this file's sha256 (7280369b…) as evidence but not the CSV→items_json mapping; ""version 2 / v1 unchanged"" rule app-only"
migrations/0006_oauth_code_redemption.sql	100644	7b0b0d2dc7f2d22fbcc57f065c9746ca3b393bfac7463b969b908b9c72748121	NEW_SINCE_117	not_in_stitch_table	partial	klappy/3d-review-cookbook@2e8f76b48902b19bb52aa803102caacd661bacde:planning/2026-09-16-parity-build/prd/18-D-mcp.md ; klappy/3d-review-cookbook@2e8f76b48902b19bb52aa803102caacd661bacde:planning/2026-09-16-parity-build/receipts/2026-09-17-auth-correction-PLAN.md	Hand-authored file at recorded app provenance; no maintained executable cookbook producer identified.		klappy/3d-review-app@a57ba930ced3c23616982c7dab291949b75a3b8a:migrations/0006_oauth_code_redemption.sql; lasttouch4b3d7cce34654baba79dea438ecec76ab7bd1dee; blob201f9dc27ed96547cda0c75ce9c6bf8655663847	G04	Essential two-statement DDL in18-D; comments explicitly elided. Exact migration hash accepted; capture source comments/format deliberately.
migrations/0007_shared_link_context.sql	100644	1fe0f9e014a4a716caf0c45d88d2adc2fc0b288390464fc430f62f1243a7a88a	NEW_SINCE_117	not_in_stitch_table	partial	klappy/3d-review-cookbook@f30fc2cd8a4cf57761ce9560177b41506e98bb32:planning/2026-09-16-parity-build/prd/18-A-shared-link-contract.md	Hand-authored file at recorded app provenance; no maintained executable cookbook producer identified.		klappy/3d-review-app@a57ba930ced3c23616982c7dab291949b75a3b8a:migrations/0007_shared_link_context.sql; lasttouchad95321e99923666b3dbc9eac163710e6e70ad41; blobeb591cbacc2bb7d8f3c826f83a9d1817d70c863c	G04 ; G12	Exact four DDL statements documented; leadingcomment and full byte producer missing;0005 excluded for this release.
package-lock.json	100644	9f8cf66a5e7d01f0d6790a08ed176b853d1f35e95167e457959c5b9b730279af	UNSPECIFIED	not_in_stitch_table	partial	klappy/3d-review-cookbook@2e8f76b48902b19bb52aa803102caacd661bacde:planning/2026-09-16-parity-build/prd/18-D-mcp.md ; klappy/3d-review-cookbook@dac8a457647cbd1c5d261d360325ea1d0dff2f75:planning/2026-09-16-reproducible-build/REPROJECTION.md	npm dependency resolution at historical source commit; exact lock bytes/integrity graph required, npm ci consumes rather than recreates it.		klappy/3d-review-app@a57ba930ced3c23616982c7dab291949b75a3b8a:package-lock.json; lasttouch91d23fef2b6b37e37e706993755fc78ed60dbf79; blob3c1fc68dd3f5b569cfe6a1f5f2402d8cad90746f	G02	Frozen lock graph available as source evidence, not in maintained cookbook; npm ci alone cannot create targetlock.
package.json	100644	a05abb65ac518abfa297cbe47e1b713a94f417003d60344657e51dd3ca0c2fd5	PARTIAL	not_in_stitch_table	partial	klappy/3d-review-cookbook@c6277206fa82a482ba767641c9c68acbabd890f3:planning/2026-09-16-parity-build/02-ARCHITECTURE-PROJECTION.md ; klappy/3d-review-cookbook@2e8f76b48902b19bb52aa803102caacd661bacde:planning/2026-09-16-parity-build/prd/18-D-mcp.md ; klappy/3d-review-cookbook@dac8a457647cbd1c5d261d360325ea1d0dff2f75:planning/2026-09-16-reproducible-build/REPROJECTION.md	Hand-authored file at recorded app provenance; no maintained executable cookbook producer identified.		klappy/3d-review-app@a57ba930ced3c23616982c7dab291949b75a3b8a:package.json; lasttouch91d23fef2b6b37e37e706993755fc78ed60dbf79; blobfb718663a1598fa574e53c8b7991cba71c9ac810	G02	Exact provider0.10.3 specified, remaining ranges/scripts/private/version fields app-only; canonical cookbook version still proposed.
scenarios/journeys.json	100644	c57a545c3bf8a649ffd6c5679971c3ed616f6f659d23684ac40d09584c1306b7	PARTIAL	not_in_stitch_table	partial	klappy/3d-review-cookbook@c6277206fa82a482ba767641c9c68acbabd890f3:planning/2026-09-16-parity-build/05-NLX-AGENT-USAGE.md ; klappy/3d-review-cookbook@2e8f76b48902b19bb52aa803102caacd661bacde:planning/2026-09-16-parity-build/prd/18-I-testing.md	Hand-authored file at recorded app provenance; no maintained executable cookbook producer identified.		klappy/3d-review-app@a57ba930ced3c23616982c7dab291949b75a3b8a:scenarios/journeys.json; lasttouch8d3805d030f2c04f17370461d59de4249b643113; blobe0424d9d12f34869d52e49e502b05d606ab9dd53	G01	Journey intent specified but scenario JSON schema/order/actors exact projection app-only.
scripts/consent-browser-check.mjs	100644	da4d88079a52c37e569768b64babb170ad7e00a3f71985cbd1706a8e6b9f4476	NEW_SINCE_117	not_in_stitch_table	partial	klappy/3d-review-cookbook@2e8f76b48902b19bb52aa803102caacd661bacde:planning/2026-09-16-parity-build/receipts/2026-09-17-auth-correction-PLAN.md ; klappy/3d-review-cookbook@2e8f76b48902b19bb52aa803102caacd661bacde:planning/2026-09-16-parity-build/prd/18-I-testing.md	Hand-authored file at recorded app provenance; no maintained executable cookbook producer identified.	miniflare ; node:fs ; node:http ; node:path ; node:url ; vite	klappy/3d-review-app@a57ba930ced3c23616982c7dab291949b75a3b8a:scripts/consent-browser-check.mjs; lasttouch1858bc8d8cee3517068347743ae5acd537cb9da3; blob904a58fb3bba5dc2f8f1a2734df2ba875bb1b06a	G01 ; G02	External Playwright/Chromium harness via declared runtime, not dependency in package-lock; exact launch/package source needed.
scripts/journeys.mjs	100644	e493fcc35b56069bc8b4b331548c65ac3e1db0bdd4b67b27e1f17d646acce2be	PARTIAL	not_in_stitch_table	partial	klappy/3d-review-cookbook@c6277206fa82a482ba767641c9c68acbabd890f3:planning/2026-09-16-parity-build/07-MEAL-PLAN.md ; klappy/3d-review-cookbook@2e8f76b48902b19bb52aa803102caacd661bacde:planning/2026-09-16-parity-build/prd/18-I-testing.md	Hand-authored file at recorded app provenance; no maintained executable cookbook producer identified.	node:fs	klappy/3d-review-app@a57ba930ced3c23616982c7dab291949b75a3b8a:scripts/journeys.mjs; lasttouch3aac673aff3c4a80475694ac7f226ffada063d73; blob360d99a9425070e76d0d91a2f224a19d6dd9ff89	G01	"cb12 07-MEAL-PLAN B2 ""executable J1–J10 × roles"" + cb12 prd/18-I-testing ""20 checkpoints""; script content app-only"
scripts/local-vertical.mjs	100644	13d1be917cd7a25374263317daa23757d2e3696b979c9e2197c9a7f43a4829c0	UNSPECIFIED	not_in_stitch_table	missing	klappy/3d-review-cookbook@c6277206fa82a482ba767641c9c68acbabd890f3:planning/2026-09-16-parity-build/07-MEAL-PLAN.md ; klappy/3d-review-cookbook@2e8f76b48902b19bb52aa803102caacd661bacde:planning/2026-09-16-parity-build/prd/18-I-testing.md	Hand-authored file at recorded app provenance; no maintained executable cookbook producer identified.		klappy/3d-review-app@a57ba930ced3c23616982c7dab291949b75a3b8a:scripts/local-vertical.mjs; lasttouch3b84d13eca0bc53b309917de0c7ea67b0cde4135; blobc9ae64b809ade4aa572ae07dbe5f1412dfa3c9c5	G11	local synthetic HTTP vertical; not in cookbook
scripts/parity.mjs	100644	c527d206cb03459a7d9f72ce959c8bc130d7cc441141481fc3e6b3c2db047ac0	SPECIFIED	not_in_stitch_table	partial	klappy/3d-review-cookbook@c6277206fa82a482ba767641c9c68acbabd890f3:planning/2026-09-16-parity-build/07-MEAL-PLAN.md ; klappy/3d-review-cookbook@2e8f76b48902b19bb52aa803102caacd661bacde:planning/2026-09-16-parity-build/prd/18-I-testing.md	Hand-authored file at recorded app provenance; no maintained executable cookbook producer identified.	node:fs	klappy/3d-review-app@a57ba930ced3c23616982c7dab291949b75a3b8a:scripts/parity.mjs; lasttouch91d23fef2b6b37e37e706993755fc78ed60dbf79; blob1f428037156fcd39af88f14e2c4178558bec50b3	G01	cb12 07-MEAL-PLAN B3 + cb12 10-REPROJECTION-AUDIT mechanics + cb12 prd/18-D-mcp MCP-REQ-013 (normalize id/trace/at, equal receipts per row)
scripts/pinned-vertical.mjs	100644	34974797395c2d9cad661b5be13853ea8ada75c6df9045c0a14265483064d045	UNSPECIFIED	not_in_stitch_table	missing	klappy/3d-review-cookbook@c6277206fa82a482ba767641c9c68acbabd890f3:planning/2026-09-16-parity-build/07-MEAL-PLAN.md ; klappy/3d-review-cookbook@2e8f76b48902b19bb52aa803102caacd661bacde:planning/2026-09-16-parity-build/prd/18-I-testing.md	Hand-authored file at recorded app provenance; no maintained executable cookbook producer identified.		klappy/3d-review-app@a57ba930ced3c23616982c7dab291949b75a3b8a:scripts/pinned-vertical.mjs; lasttouchf5a10015dd9ee2c24cde52ccd1edf8f8f1723469; blobbe39dbaa7f33a5651c60d946980333c9af2672e5	G11	not in cookbook
scripts/smoke.sh	100755	2020ddad046f3c7ec4706dc80e80a795ad7b424a93e852e8643fa27a096d9efe	UNSPECIFIED	not_in_stitch_table	missing	klappy/3d-review-cookbook@c6277206fa82a482ba767641c9c68acbabd890f3:planning/2026-09-16-parity-build/07-MEAL-PLAN.md ; klappy/3d-review-cookbook@2e8f76b48902b19bb52aa803102caacd661bacde:planning/2026-09-16-parity-build/prd/18-I-testing.md	Hand-authored file at recorded app provenance; no maintained executable cookbook producer identified.		klappy/3d-review-app@a57ba930ced3c23616982c7dab291949b75a3b8a:scripts/smoke.sh; lasttoucha3ad81538268932a141ad312e7142088b57a9bb4; blobd96f371dfae559a58219bbee290928c3ea269ae7	G11	"not in cookbook (07 A8 says ""cold curl of health + docs"" only)"
seed/dev-principals.sql	100644	e3b0c44298fc1c149afbf4c8996fb92427ae41e4649b934ca495991b7852b855	UNSPECIFIED	not_in_stitch_table	missing	klappy/3d-review-cookbook@c6277206fa82a482ba767641c9c68acbabd890f3:planning/2026-09-16-parity-build/14-FIXTURE-MANIFEST.json	Hand-authored file at recorded app provenance; no maintained executable cookbook producer identified.		klappy/3d-review-app@a57ba930ced3c23616982c7dab291949b75a3b8a:seed/dev-principals.sql; lasttouch56e4a7e2e6cbeaa1644c7ab0d27096b8396f5ac1; blobe69de29bb2d1d6434b8b29ae775ad8c2e48c5391	G11	Tracked zero-byte file; matching unrelated cookbook err.txt is incidental, not producing authority.
seed/source/README.md	100644	348c5044230ab8ff274e52b14d82b471d64aba624d3553fa2568710c11fa75b8	PARTIAL	not_in_stitch_table	partial	klappy/3d-review-cookbook@c6277206fa82a482ba767641c9c68acbabd890f3:planning/2026-09-16-parity-build/14-FIXTURE-MANIFEST.json ; klappy/3d-review-cookbook@c6277206fa82a482ba767641c9c68acbabd890f3:planning/2026-09-16-parity-build/14-STEVE-REPO-SYNC.md	Hand-authored file at recorded app provenance; no maintained executable cookbook producer identified.		klappy/3d-review-app@a57ba930ced3c23616982c7dab291949b75a3b8a:seed/source/README.md; lasttouch59b60423148b3755213e08cfebb718d6346a9d1c; blob12b35454c7a1c6d61ad53a83ea1d8c0f7f3840f2	G01	Source policy specified, exact README text app-only.
seed/source/rubric_csv.sha256	100644	5a3d192224239a868b66f8923c1e143fcfcbce4d595e4ba7218169e34559eecf	SPECIFIED	not_in_stitch_table	partial	klappy/3d-review-cookbook@c6277206fa82a482ba767641c9c68acbabd890f3:planning/2026-09-16-parity-build/14-FIXTURE-MANIFEST.json ; klappy/3d-review-cookbook@c6277206fa82a482ba767641c9c68acbabd890f3:planning/2026-09-16-parity-build/14-STEVE-REPO-SYNC.md	SHA256 of ten pinned rubric CSV bytes plus exact ordering/path-label/newline format; release file is app-maintained evidence.		klappy/3d-review-app@a57ba930ced3c23616982c7dab291949b75a3b8a:seed/source/rubric_csv.sha256; lasttouch518e083aee6395fef144f8705b888d1d76941ff7; blobb76261ca7c05c2afea66ba454f49a17404fb601f	G05	All10CSVbytes pinned; exact manifest formatting producer still missing from cookbook.
seed/source/rubric_csv/CrossLens.csv	100644	ac60cfc6565b8385e72b1678de4a71095630e5faba502a1c9449b7201c8b129b	SPECIFIED	not_in_stitch_table	external input	klappy/3d-review-cookbook@c6277206fa82a482ba767641c9c68acbabd890f3:planning/2026-09-16-parity-build/14-FIXTURE-MANIFEST.json ; klappy/3d-review-cookbook@c6277206fa82a482ba767641c9c68acbabd890f3:planning/2026-09-16-parity-build/14-STEVE-REPO-SYNC.md	Decode pinned supplier blob 042fccd67cf114c4e09444eb88984ab4601c423f (rubric_csv/CrossLens.csv) at f042cde553761a6a7f24132cef7802f956378ee0, preserve bytes into seed/source/rubric_csv/CrossLens.csv.		klappy/3d-review-app@a57ba930ced3c23616982c7dab291949b75a3b8a:seed/source/rubric_csv/CrossLens.csv; lasttouch518e083aee6395fef144f8705b888d1d76941ff7; blob042fccd67cf114c4e09444eb88984ab4601c423f		Supplier bytes independently match: pinned blob retrieved and byte-equal to target. External input verified; maintained release copy/assembly recipe and cold reconstruction remain unproved.
seed/source/rubric_csv/EvidenceQuality.csv	100644	61fcd780be7eb57a10b7d160b771cff5819ae78deafc9465d23073cbda235871	SPECIFIED	not_in_stitch_table	external input	klappy/3d-review-cookbook@c6277206fa82a482ba767641c9c68acbabd890f3:planning/2026-09-16-parity-build/14-FIXTURE-MANIFEST.json ; klappy/3d-review-cookbook@c6277206fa82a482ba767641c9c68acbabd890f3:planning/2026-09-16-parity-build/14-STEVE-REPO-SYNC.md	Decode pinned supplier blob b7852e782b53cca4110848268319408df6f9fb28 (rubric_csv/EvidenceQuality.csv) at f042cde553761a6a7f24132cef7802f956378ee0, preserve bytes into seed/source/rubric_csv/EvidenceQuality.csv.		klappy/3d-review-app@a57ba930ced3c23616982c7dab291949b75a3b8a:seed/source/rubric_csv/EvidenceQuality.csv; lasttouch518e083aee6395fef144f8705b888d1d76941ff7; blobb7852e782b53cca4110848268319408df6f9fb28		Supplier bytes independently match: pinned blob retrieved and byte-equal to target. External input verified; maintained release copy/assembly recipe and cold reconstruction remain unproved.
seed/source/rubric_csv/Items.csv	100644	488a78c91516888e88ddc4a63d99738dbe8b411483d40aedcdfe64edd2df41c8	SPECIFIED	not_in_stitch_table	external input	klappy/3d-review-cookbook@c6277206fa82a482ba767641c9c68acbabd890f3:planning/2026-09-16-parity-build/14-FIXTURE-MANIFEST.json ; klappy/3d-review-cookbook@c6277206fa82a482ba767641c9c68acbabd890f3:planning/2026-09-16-parity-build/14-STEVE-REPO-SYNC.md	Decode pinned supplier blob 7e9f387d2d35f58ba3fa22a48e2f8fd0d282ba91 (rubric_csv/Items.csv) at f042cde553761a6a7f24132cef7802f956378ee0, preserve bytes into seed/source/rubric_csv/Items.csv.		klappy/3d-review-app@a57ba930ced3c23616982c7dab291949b75a3b8a:seed/source/rubric_csv/Items.csv; lasttouch518e083aee6395fef144f8705b888d1d76941ff7; blob7e9f387d2d35f58ba3fa22a48e2f8fd0d282ba91		Supplier bytes independently match: pinned blob retrieved and byte-equal to target. External input verified; maintained release copy/assembly recipe and cold reconstruction remain unproved.
seed/source/rubric_csv/Options.csv	100644	d984aa65907acb4a002db45ea9ed531a77d073b894ddb59e28e0f8a24f855dea	SPECIFIED	not_in_stitch_table	external input	klappy/3d-review-cookbook@c6277206fa82a482ba767641c9c68acbabd890f3:planning/2026-09-16-parity-build/14-FIXTURE-MANIFEST.json ; klappy/3d-review-cookbook@c6277206fa82a482ba767641c9c68acbabd890f3:planning/2026-09-16-parity-build/14-STEVE-REPO-SYNC.md	Decode pinned supplier blob 1a38ad1906d112471d2d529a75a2c7adbd47ee4a (rubric_csv/Options.csv) at f042cde553761a6a7f24132cef7802f956378ee0, preserve bytes into seed/source/rubric_csv/Options.csv.		klappy/3d-review-app@a57ba930ced3c23616982c7dab291949b75a3b8a:seed/source/rubric_csv/Options.csv; lasttouch518e083aee6395fef144f8705b888d1d76941ff7; blob1a38ad1906d112471d2d529a75a2c7adbd47ee4a		Supplier bytes independently match: pinned blob retrieved and byte-equal to target. External input verified; maintained release copy/assembly recipe and cold reconstruction remain unproved.
seed/source/rubric_csv/README.csv	100644	68b6243097fff80b29ba934729dba112eddc887758418ba1fec3409b2ebdea13	SPECIFIED	not_in_stitch_table	external input	klappy/3d-review-cookbook@c6277206fa82a482ba767641c9c68acbabd890f3:planning/2026-09-16-parity-build/14-FIXTURE-MANIFEST.json ; klappy/3d-review-cookbook@c6277206fa82a482ba767641c9c68acbabd890f3:planning/2026-09-16-parity-build/14-STEVE-REPO-SYNC.md	Decode pinned supplier blob db5c924aac0b790bb6f801adc4ae0bb76a52ff9d (rubric_csv/README.csv) at f042cde553761a6a7f24132cef7802f956378ee0, preserve bytes into seed/source/rubric_csv/README.csv.		klappy/3d-review-app@a57ba930ced3c23616982c7dab291949b75a3b8a:seed/source/rubric_csv/README.csv; lasttouch518e083aee6395fef144f8705b888d1d76941ff7; blobdb5c924aac0b790bb6f801adc4ae0bb76a52ff9d		Supplier bytes independently match: pinned blob retrieved and byte-equal to target. External input verified; maintained release copy/assembly recipe and cold reconstruction remain unproved.
seed/source/rubric_csv/SubDimensions.csv	100644	ad3b756b8c85c93461d6b3b90d8b14850bae3b553affae7ed5131cdca523687e	SPECIFIED	not_in_stitch_table	external input	klappy/3d-review-cookbook@c6277206fa82a482ba767641c9c68acbabd890f3:planning/2026-09-16-parity-build/14-FIXTURE-MANIFEST.json ; klappy/3d-review-cookbook@c6277206fa82a482ba767641c9c68acbabd890f3:planning/2026-09-16-parity-build/14-STEVE-REPO-SYNC.md	Decode pinned supplier blob 83a135f5e3148713d97fc812eba656cd34a43926 (rubric_csv/SubDimensions.csv) at f042cde553761a6a7f24132cef7802f956378ee0, preserve bytes into seed/source/rubric_csv/SubDimensions.csv.		klappy/3d-review-app@a57ba930ced3c23616982c7dab291949b75a3b8a:seed/source/rubric_csv/SubDimensions.csv; lasttouch518e083aee6395fef144f8705b888d1d76941ff7; blob83a135f5e3148713d97fc812eba656cd34a43926		Supplier bytes independently match: pinned blob retrieved and byte-equal to target. External input verified; maintained release copy/assembly recipe and cold reconstruction remain unproved.
seed/source/rubric_csv/Vocab_Maturity.csv	100644	e28a471d531eb40aa0cb5db6bbfdcb00e41c31b9181851c95605ffbe1abd5914	SPECIFIED	not_in_stitch_table	external input	klappy/3d-review-cookbook@c6277206fa82a482ba767641c9c68acbabd890f3:planning/2026-09-16-parity-build/14-FIXTURE-MANIFEST.json ; klappy/3d-review-cookbook@c6277206fa82a482ba767641c9c68acbabd890f3:planning/2026-09-16-parity-build/14-STEVE-REPO-SYNC.md	Decode pinned supplier blob 462d3da1c2391fcb42962169db4b4e68b92a378f (rubric_csv/Vocab_Maturity.csv) at f042cde553761a6a7f24132cef7802f956378ee0, preserve bytes into seed/source/rubric_csv/Vocab_Maturity.csv.		klappy/3d-review-app@a57ba930ced3c23616982c7dab291949b75a3b8a:seed/source/rubric_csv/Vocab_Maturity.csv; lasttouch518e083aee6395fef144f8705b888d1d76941ff7; blob462d3da1c2391fcb42962169db4b4e68b92a378f		Supplier bytes independently match: pinned blob retrieved and byte-equal to target. External input verified; maintained release copy/assembly recipe and cold reconstruction remain unproved.
seed/source/rubric_csv/Vocab_Methodology.csv	100644	40e0e638ad43d0b2960972e0e090174440b230aea457b8d3de4cfbadd76968b8	SPECIFIED	not_in_stitch_table	external input	klappy/3d-review-cookbook@c6277206fa82a482ba767641c9c68acbabd890f3:planning/2026-09-16-parity-build/14-FIXTURE-MANIFEST.json ; klappy/3d-review-cookbook@c6277206fa82a482ba767641c9c68acbabd890f3:planning/2026-09-16-parity-build/14-STEVE-REPO-SYNC.md	Decode pinned supplier blob 7f0cf8db6b79e25fb9766215fb35fd4df1496428 (rubric_csv/Vocab_Methodology.csv) at f042cde553761a6a7f24132cef7802f956378ee0, preserve bytes into seed/source/rubric_csv/Vocab_Methodology.csv.		klappy/3d-review-app@a57ba930ced3c23616982c7dab291949b75a3b8a:seed/source/rubric_csv/Vocab_Methodology.csv; lasttouch518e083aee6395fef144f8705b888d1d76941ff7; blob7f0cf8db6b79e25fb9766215fb35fd4df1496428		Supplier bytes independently match: pinned blob retrieved and byte-equal to target. External input verified; maintained release copy/assembly recipe and cold reconstruction remain unproved.
seed/source/rubric_csv/Vocab_Organization.csv	100644	1dd4e8a0b2b07630488fba443de9217edfa80304cfc632432f8d071508757390	SPECIFIED	not_in_stitch_table	external input	klappy/3d-review-cookbook@c6277206fa82a482ba767641c9c68acbabd890f3:planning/2026-09-16-parity-build/14-FIXTURE-MANIFEST.json ; klappy/3d-review-cookbook@c6277206fa82a482ba767641c9c68acbabd890f3:planning/2026-09-16-parity-build/14-STEVE-REPO-SYNC.md	Decode pinned supplier blob 0e4fd74b3957a4fe94308253023a0e159059c88a (rubric_csv/Vocab_Organization.csv) at f042cde553761a6a7f24132cef7802f956378ee0, preserve bytes into seed/source/rubric_csv/Vocab_Organization.csv.		klappy/3d-review-app@a57ba930ced3c23616982c7dab291949b75a3b8a:seed/source/rubric_csv/Vocab_Organization.csv; lasttouch518e083aee6395fef144f8705b888d1d76941ff7; blob0e4fd74b3957a4fe94308253023a0e159059c88a		Supplier bytes independently match: pinned blob retrieved and byte-equal to target. External input verified; maintained release copy/assembly recipe and cold reconstruction remain unproved.
seed/source/rubric_csv/Vocab_Region.csv	100644	5dc2290dc15e520ce5bae4a131f531230083616b8d1e845da6ec763c71325ed4	SPECIFIED	not_in_stitch_table	external input	klappy/3d-review-cookbook@c6277206fa82a482ba767641c9c68acbabd890f3:planning/2026-09-16-parity-build/14-FIXTURE-MANIFEST.json ; klappy/3d-review-cookbook@c6277206fa82a482ba767641c9c68acbabd890f3:planning/2026-09-16-parity-build/14-STEVE-REPO-SYNC.md	Decode pinned supplier blob 28db245fb7d18a3e0272b1d7ea7ee1a8a24ba82b (rubric_csv/Vocab_Region.csv) at f042cde553761a6a7f24132cef7802f956378ee0, preserve bytes into seed/source/rubric_csv/Vocab_Region.csv.		klappy/3d-review-app@a57ba930ced3c23616982c7dab291949b75a3b8a:seed/source/rubric_csv/Vocab_Region.csv; lasttouch518e083aee6395fef144f8705b888d1d76941ff7; blob28db245fb7d18a3e0272b1d7ea7ee1a8a24ba82b		Supplier bytes independently match: pinned blob retrieved and byte-equal to target. External input verified; maintained release copy/assembly recipe and cold reconstruction remain unproved.
seed/source/scoring_rubric_draft.md	100644	a626d1afd58751b5b636c470e14bed760e58ac0f8d0fed3cee7500c2609d3646	SPECIFIED	not_in_stitch_table	external input	klappy/3d-review-cookbook@c6277206fa82a482ba767641c9c68acbabd890f3:planning/2026-09-16-parity-build/14-FIXTURE-MANIFEST.json ; klappy/3d-review-cookbook@c6277206fa82a482ba767641c9c68acbabd890f3:planning/2026-09-16-parity-build/14-STEVE-REPO-SYNC.md	Decode pinned supplier blob 6f2d32265c8931ce8b0876f5bee5c5597e86044f (scoring_rubric_draft.md) at f042cde553761a6a7f24132cef7802f956378ee0, preserve bytes into seed/source/scoring_rubric_draft.md.		klappy/3d-review-app@a57ba930ced3c23616982c7dab291949b75a3b8a:seed/source/scoring_rubric_draft.md; lasttouch59b60423148b3755213e08cfebb718d6346a9d1c; blob6f2d32265c8931ce8b0876f5bee5c5597e86044f		Supplier bytes independently match: pinned blob retrieved and byte-equal to target. External input verified; maintained release copy/assembly recipe and cold reconstruction remain unproved.
seed/synthetic-responses.sql	100644	09a2b1588083f1cc5479e889ad004017359c149bf98b9188b189ee72d923ec7e	PARTIAL	not_in_stitch_table	partial	klappy/3d-review-cookbook@c6277206fa82a482ba767641c9c68acbabd890f3:planning/2026-09-16-parity-build/14-FIXTURE-MANIFEST.json ; klappy/3d-review-cookbook@c6277206fa82a482ba767641c9c68acbabd890f3:planning/2026-09-16-parity-build/14-STEVE-REPO-SYNC.md ; klappy/3d-review-cookbook@c6277206fa82a482ba767641c9c68acbabd890f3:planning/2026-09-16-parity-build/prd/18-B-attestation-design.md	App tools/synth_seed_sql.py reads answer-sets.json and0004 SQL; deterministic ID/code mapping plus fixed2026-09-16T12:00:00Z and person_mara/ws_cedar.		klappy/3d-review-app@a57ba930ced3c23616982c7dab291949b75a3b8a:seed/synthetic-responses.sql; lasttouch36a1b024fe5e2ebb7ae7ed13ca2e0dd9f2644e8b; blob14da17bf6466529d05b8e799f14ae390787ef0d5	G05	425historicalsyntheticresponses/34cycles; org525 cohort is NOT in this release. Retain required blanks rather than fabricate complete answers.
seed/synthetic.sql	100644	bf58a9e7ee5c555c5a86fb2fec6f041d793e531da77c59d5847affc877d50cbb	PARTIAL	not_in_stitch_table	partial	klappy/3d-review-cookbook@c6277206fa82a482ba767641c9c68acbabd890f3:planning/2026-09-16-parity-build/14-FIXTURE-MANIFEST.json ; klappy/3d-review-cookbook@c6277206fa82a482ba767641c9c68acbabd890f3:planning/2026-09-16-parity-build/14-STEVE-REPO-SYNC.md ; klappy/3d-review-cookbook@c6277206fa82a482ba767641c9c68acbabd890f3:planning/2026-09-16-parity-build/prd/18-B-attestation-design.md	Hand-authored file at recorded app provenance; no maintained executable cookbook producer identified.		klappy/3d-review-app@a57ba930ced3c23616982c7dab291949b75a3b8a:seed/synthetic.sql; lasttouchc90969f1dedcd389fde32aed71611baff5a428aa; blobbcdb605ad1c0dbc9430d3341e985b3eafa893847	G05	425historicalsyntheticresponses/34cycles; org525 cohort is NOT in this release. Retain required blanks rather than fabricate complete answers.
seed/synthetic/answer-sets.json	100644	efc50c5ff9139d9235e4323233d27c54059527f92c54099e2f9dbf0cd71df1b5	PARTIAL	not_in_stitch_table	partial	klappy/3d-review-cookbook@c6277206fa82a482ba767641c9c68acbabd890f3:planning/2026-09-16-parity-build/14-FIXTURE-MANIFEST.json ; klappy/3d-review-cookbook@c6277206fa82a482ba767641c9c68acbabd890f3:planning/2026-09-16-parity-build/14-STEVE-REPO-SYNC.md ; klappy/3d-review-cookbook@c6277206fa82a482ba767641c9c68acbabd890f3:planning/2026-09-16-parity-build/prd/18-B-attestation-design.md	Supplier f042cde survey-pipeline/run_synthetic_pipeline.py -> isolated synthetic_data tree; app tools/synth_answers.py -> JSON indent1/no finalnewline.		klappy/3d-review-app@a57ba930ced3c23616982c7dab291949b75a3b8a:seed/synthetic/answer-sets.json; lasttouch59b60423148b3755213e08cfebb718d6346a9d1c; blob115e4e60feeb42b804fea3c243206bf88935aaf1	G05	425historicalsyntheticresponses/34cycles; org525 cohort is NOT in this release. Retain required blanks rather than fabricate complete answers.
seed/synthetic/manifest.json	100644	a938ee980306d7a58940a27295d4aecd203239ca21e8ceb90c0d09d719568b62	PARTIAL	not_in_stitch_table	partial	klappy/3d-review-cookbook@c6277206fa82a482ba767641c9c68acbabd890f3:planning/2026-09-16-parity-build/14-FIXTURE-MANIFEST.json ; klappy/3d-review-cookbook@c6277206fa82a482ba767641c9c68acbabd890f3:planning/2026-09-16-parity-build/14-STEVE-REPO-SYNC.md ; klappy/3d-review-cookbook@c6277206fa82a482ba767641c9c68acbabd890f3:planning/2026-09-16-parity-build/prd/18-B-attestation-design.md	App tools/synth_answers.py calculates counts+hashes, pins source pipeline; JSON indent1/no finalnewline.		klappy/3d-review-app@a57ba930ced3c23616982c7dab291949b75a3b8a:seed/synthetic/manifest.json; lasttouch59b60423148b3755213e08cfebb718d6346a9d1c; blobe1c5e627e14f0451f517c791aa5fd5c141e86fb0	G05	425historicalsyntheticresponses/34cycles; org525 cohort is NOT in this release. Retain required blanks rather than fabricate complete answers.
seed/synthetic/personas.json	100644	9181ec780dbbfae570089f493d1d46fbdf3ff056f681af8f1e2e32ef0b4164a3	PARTIAL	not_in_stitch_table	partial	klappy/3d-review-cookbook@c6277206fa82a482ba767641c9c68acbabd890f3:planning/2026-09-16-parity-build/14-FIXTURE-MANIFEST.json ; klappy/3d-review-cookbook@c6277206fa82a482ba767641c9c68acbabd890f3:planning/2026-09-16-parity-build/14-STEVE-REPO-SYNC.md ; klappy/3d-review-cookbook@c6277206fa82a482ba767641c9c68acbabd890f3:planning/2026-09-16-parity-build/prd/18-B-attestation-design.md	App tools/synth_answers.py selects three pinned persona CSVs; JSON indent1/ensure_asciiFalse/no finalnewline.		klappy/3d-review-app@a57ba930ced3c23616982c7dab291949b75a3b8a:seed/synthetic/personas.json; lasttouch59b60423148b3755213e08cfebb718d6346a9d1c; blob5bb49b397df90537bc39ed0813a1bdde6eaa2d9c	G05	425historicalsyntheticresponses/34cycles; org525 cohort is NOT in this release. Retain required blanks rather than fabricate complete answers.
src/access.ts	100644	3ed4acf75f9cf7cf1622a60b2400107e5a8b880bcdeef2eaa0499295b1b65a21	PARTIAL	not_in_stitch_table	partial	klappy/3d-review-cookbook@f30fc2cd8a4cf57761ce9560177b41506e98bb32:planning/2026-09-16-parity-build/04-CAPABILITY-MATRIX.md ; klappy/3d-review-cookbook@c6277206fa82a482ba767641c9c68acbabd890f3:planning/2026-09-16-parity-build/03-DOMAIN-MODEL-AND-PERMISSIONS.md ; klappy/3d-review-cookbook@2e8f76b48902b19bb52aa803102caacd661bacde:planning/2026-09-16-parity-build/prd/18-D-mcp.md	Hand-authored file at recorded app provenance; no maintained executable cookbook producer identified.	./handlers/types	klappy/3d-review-app@a57ba930ced3c23616982c7dab291949b75a3b8a:src/access.ts; lasttouch9d0125664e6b0474326e612d65eebe8bc482a952; blob28fcc1734d09f3cc624f5bb055057c9df2619873	G01	"cb12 16-CONSTRAINTS CON-ACC-005 / OF-7 ""Cloudflare email-code""; Access one-time-PIN JWT verification against ACCESS_TEAM_DOMAIN/ACCESS_AUD app-only; 18-C-auth is a stub"
src/auth.ts	100644	08a47737ba4132ead7a5416aee335e8d4970ac5458f1ead09a76fa9ad85b63b7	PARTIAL	not_in_stitch_table	partial	klappy/3d-review-cookbook@f30fc2cd8a4cf57761ce9560177b41506e98bb32:planning/2026-09-16-parity-build/04-CAPABILITY-MATRIX.md ; klappy/3d-review-cookbook@c6277206fa82a482ba767641c9c68acbabd890f3:planning/2026-09-16-parity-build/03-DOMAIN-MODEL-AND-PERMISSIONS.md ; klappy/3d-review-cookbook@2e8f76b48902b19bb52aa803102caacd661bacde:planning/2026-09-16-parity-build/prd/18-D-mcp.md	Hand-authored file at recorded app provenance; no maintained executable cookbook producer identified.	./handlers/types	klappy/3d-review-app@a57ba930ced3c23616982c7dab291949b75a3b8a:src/auth.ts; lasttouch0b12d798d2a15373fd11881730608daebf506613; blob7e4b95775438e151b28fa7cef5938f78f159cd1c	G01	cb12 02-ARCHITECTURE §Auth (session cookie/bearer/participant token) + cb12 prd/18-D-mcp MCP-REQ-007; 18-C stub; dev_only_code, .invalid-only rule, token formats app-only (INTERFACE.md)
src/code-escrow.ts	100644	442f3da96e52872002256cfccbf87b1491929fd245c0d3bfcbdedf8c2908e543	PARTIAL	not_in_stitch_table	partial	klappy/3d-review-cookbook@f30fc2cd8a4cf57761ce9560177b41506e98bb32:planning/2026-09-16-parity-build/04-CAPABILITY-MATRIX.md ; klappy/3d-review-cookbook@c6277206fa82a482ba767641c9c68acbabd890f3:planning/2026-09-16-parity-build/03-DOMAIN-MODEL-AND-PERMISSIONS.md ; klappy/3d-review-cookbook@2e8f76b48902b19bb52aa803102caacd661bacde:planning/2026-09-16-parity-build/prd/18-D-mcp.md	Hand-authored file at recorded app provenance; no maintained executable cookbook producer identified.	./handlers/errors ; ./receipt	klappy/3d-review-app@a57ba930ced3c23616982c7dab291949b75a3b8a:src/code-escrow.ts; lasttouch3b84d13eca0bc53b309917de0c7ea67b0cde4135; blob7fc9587b56da05a19ea3a49bcc39474546bbb186	G01	CON-PRIV-005 intent; crypto, batch, export-once app-only
src/dispatch.ts	100644	d0a28c06c2a75fd7a6b2cd07099e53a418b72184869f4b890ec5c95f942811ec	SPECIFIED	not_in_stitch_table	partial	klappy/3d-review-cookbook@f30fc2cd8a4cf57761ce9560177b41506e98bb32:planning/2026-09-16-parity-build/04-CAPABILITY-MATRIX.md ; klappy/3d-review-cookbook@c6277206fa82a482ba767641c9c68acbabd890f3:planning/2026-09-16-parity-build/03-DOMAIN-MODEL-AND-PERMISSIONS.md ; klappy/3d-review-cookbook@2e8f76b48902b19bb52aa803102caacd661bacde:planning/2026-09-16-parity-build/prd/18-D-mcp.md	Hand-authored file at recorded app provenance; no maintained executable cookbook producer identified.	./envelope ; ./handlers ; ./handlers/errors ; ./handlers/types ; ./policy ; ./ratelimit ; ./receipt ; ./registry	klappy/3d-review-app@a57ba930ced3c23616982c7dab291949b75a3b8a:src/dispatch.ts; lasttouch44d8387e17649653e82ccaaea0423dd13605b500; blob38360e3250bbca3c6ef412f4950c058a1ff0a789	G01	cb12 prd/18-D-mcp MCP-REQ-002/003/005/006/010 + cb12 02-ARCHITECTURE classes + CON-ARCH-003 (501 RESERVED_NOT_BUILT)
src/envelope.ts	100644	d7d1a3310b66146aee159894f496e544d05b896e333e409b6231c3a5e379ff9b	SPECIFIED	not_in_stitch_table	partial	klappy/3d-review-cookbook@f30fc2cd8a4cf57761ce9560177b41506e98bb32:planning/2026-09-16-parity-build/04-CAPABILITY-MATRIX.md ; klappy/3d-review-cookbook@c6277206fa82a482ba767641c9c68acbabd890f3:planning/2026-09-16-parity-build/03-DOMAIN-MODEL-AND-PERMISSIONS.md ; klappy/3d-review-cookbook@2e8f76b48902b19bb52aa803102caacd661bacde:planning/2026-09-16-parity-build/prd/18-D-mcp.md	Hand-authored file at recorded app provenance; no maintained executable cookbook producer identified.		klappy/3d-review-app@a57ba930ced3c23616982c7dab291949b75a3b8a:src/envelope.ts; lasttouch735a8f0d141fb64c624f172f41598ea2574833c3; blob02d1edbf51854a563e0de7d2f47ce052d64905d8	G01	cb12 prd/18-D-mcp MCP-REQ-004 envelope; all 10 error codes in src appear in cb12 (05/18-D/16)
src/handlers/assessment.ts	100644	404c21aad42f803dbe6db1c09182ec4e9222832976f91a8fd95d2149c696ef0b	PARTIAL	not_in_stitch_table	partial	klappy/3d-review-cookbook@f30fc2cd8a4cf57761ce9560177b41506e98bb32:planning/2026-09-16-parity-build/04-CAPABILITY-MATRIX.md ; klappy/3d-review-cookbook@c6277206fa82a482ba767641c9c68acbabd890f3:planning/2026-09-16-parity-build/03-DOMAIN-MODEL-AND-PERMISSIONS.md ; klappy/3d-review-cookbook@2e8f76b48902b19bb52aa803102caacd661bacde:planning/2026-09-16-parity-build/prd/18-D-mcp.md	Hand-authored file at recorded app provenance; no maintained executable cookbook producer identified.	./common ; ./errors ; ./types	klappy/3d-review-app@a57ba930ced3c23616982c7dab291949b75a3b8a:src/handlers/assessment.ts; lasttouch3aac673aff3c4a80475694ac7f226ffada063d73; blobaf3b8a4ccec28c416cfa374a80bc532059b29c34	G01	cb12 04-CAPABILITY-MATRIX §D + cb12 03-DOMAIN-MODEL stage semantics; cb12 04-CAPABILITY-MATRIX §rows (id/class/tool/roles/slice) + cb12 03-DOMAIN-MODEL matrix + cb12 05-NLX (J1–J14); per-capability params/result schemas OWED (app contract/README); 18-A/18-B/18-C layer PRDs are stubs
src/handlers/common.ts	100644	bf2c45f7e7e7d1367bae6b1bfc608dde9487ce7ec26d3cbe20070db0154f9a0b	PARTIAL	not_in_stitch_table	partial	klappy/3d-review-cookbook@f30fc2cd8a4cf57761ce9560177b41506e98bb32:planning/2026-09-16-parity-build/04-CAPABILITY-MATRIX.md ; klappy/3d-review-cookbook@c6277206fa82a482ba767641c9c68acbabd890f3:planning/2026-09-16-parity-build/03-DOMAIN-MODEL-AND-PERMISSIONS.md ; klappy/3d-review-cookbook@2e8f76b48902b19bb52aa803102caacd661bacde:planning/2026-09-16-parity-build/prd/18-D-mcp.md	Hand-authored file at recorded app provenance; no maintained executable cookbook producer identified.	./errors ; ./types	klappy/3d-review-app@a57ba930ced3c23616982c7dab291949b75a3b8a:src/handlers/common.ts; lasttouch527250d87bd9f91976f5447ca8485db2d09a9460; blob45bd80c0ce99be00bc17daa99d9b8d6023c3d3e3	G01	helpers (sha256, ids); app-only
src/handlers/docs.ts	100644	cd522b8b21a558d8abd5e9421796dac506786a306758cf73e3295ec730af167f	PARTIAL	not_in_stitch_table	partial	klappy/3d-review-cookbook@f30fc2cd8a4cf57761ce9560177b41506e98bb32:planning/2026-09-16-parity-build/04-CAPABILITY-MATRIX.md ; klappy/3d-review-cookbook@c6277206fa82a482ba767641c9c68acbabd890f3:planning/2026-09-16-parity-build/03-DOMAIN-MODEL-AND-PERMISSIONS.md ; klappy/3d-review-cookbook@2e8f76b48902b19bb52aa803102caacd661bacde:planning/2026-09-16-parity-build/prd/18-D-mcp.md	Hand-authored file at recorded app provenance; no maintained executable cookbook producer identified.	../policy ; ../registry ; ./types	klappy/3d-review-app@a57ba930ced3c23616982c7dab291949b75a3b8a:src/handlers/docs.ts; lasttouch44d8387e17649653e82ccaaea0423dd13605b500; blobbce7d670d47001b17c2647e2911b236f8194c9df	G01	cb12 prd/18-D-mcp MCP-REQ-008/009 (role-aware docs, orientation); B1 docs corpus not built
src/handlers/errors.ts	100644	7d29957ce87dda3df9672d71adfde9e93050576f7a9b8b02743c09f8d8d0bc98	SPECIFIED	not_in_stitch_table	partial	klappy/3d-review-cookbook@f30fc2cd8a4cf57761ce9560177b41506e98bb32:planning/2026-09-16-parity-build/04-CAPABILITY-MATRIX.md ; klappy/3d-review-cookbook@c6277206fa82a482ba767641c9c68acbabd890f3:planning/2026-09-16-parity-build/03-DOMAIN-MODEL-AND-PERMISSIONS.md ; klappy/3d-review-cookbook@2e8f76b48902b19bb52aa803102caacd661bacde:planning/2026-09-16-parity-build/prd/18-D-mcp.md	Hand-authored file at recorded app provenance; no maintained executable cookbook producer identified.		klappy/3d-review-app@a57ba930ced3c23616982c7dab291949b75a3b8a:src/handlers/errors.ts; lasttouch72bf432cc65178d2cbbe8c4e94817ff7861f4f45; blob66042c6510882bc20fbc71f764a2d9a590320789	G01	error code enum; every code named in cb12 05/18-D/16
src/handlers/grant.ts	100644	c95d78a4892076be2e2964a718adb41c81d74cc0104cb29babc958ec9d08bb2b	PARTIAL	not_in_stitch_table	partial	klappy/3d-review-cookbook@f30fc2cd8a4cf57761ce9560177b41506e98bb32:planning/2026-09-16-parity-build/04-CAPABILITY-MATRIX.md ; klappy/3d-review-cookbook@c6277206fa82a482ba767641c9c68acbabd890f3:planning/2026-09-16-parity-build/03-DOMAIN-MODEL-AND-PERMISSIONS.md ; klappy/3d-review-cookbook@2e8f76b48902b19bb52aa803102caacd661bacde:planning/2026-09-16-parity-build/prd/18-D-mcp.md	Hand-authored file at recorded app provenance; no maintained executable cookbook producer identified.	./common ; ./errors ; ./types	klappy/3d-review-app@a57ba930ced3c23616982c7dab291949b75a3b8a:src/handlers/grant.ts; lasttouchffa3111c2a58fefe5c886a354082c3673465773d; blob57466b2006f4f967684130103fc2a32d2d041ac3	G01	cb12 04-CAPABILITY-MATRIX §F + cb12 03-DOMAIN-MODEL D3 + CON-ACC-002; invitation-email binding app-only; cb12 04-CAPABILITY-MATRIX §rows (id/class/tool/roles/slice) + cb12 03-DOMAIN-MODEL matrix + cb12 05-NLX (J1–J14); per-capability params/result schemas OWED (app contract/README); 18-A/18-B/18-C layer PRDs are stubs
src/handlers/index.ts	100644	d982da2f3074173979fa9561622ebe74bb73d9c2cba9e15a26a27c7ec4fca22e	PARTIAL	not_in_stitch_table	partial	klappy/3d-review-cookbook@f30fc2cd8a4cf57761ce9560177b41506e98bb32:planning/2026-09-16-parity-build/04-CAPABILITY-MATRIX.md ; klappy/3d-review-cookbook@c6277206fa82a482ba767641c9c68acbabd890f3:planning/2026-09-16-parity-build/03-DOMAIN-MODEL-AND-PERMISSIONS.md ; klappy/3d-review-cookbook@2e8f76b48902b19bb52aa803102caacd661bacde:planning/2026-09-16-parity-build/prd/18-D-mcp.md	Hand-authored file at recorded app provenance; no maintained executable cookbook producer identified.	./assessment ; ./docs ; ./grant ; ./language ; ./participant ; ./platform ; ./project ; ./request ; ./response ; ./results ; ./support ; ./survey ; ./template ; ./types ; ./undo ; ./workspace	klappy/3d-review-app@a57ba930ced3c23616982c7dab291949b75a3b8a:src/handlers/index.ts; lasttouch3aac673aff3c4a80475694ac7f226ffada063d73; blob9a49a786ae486e2b68d3029cfc0f84e96229e4c9	G01	handler map keyed by cap id per 02/10; app-only
src/handlers/language.ts	100644	178941a58fb57e19f2e73f59aeedc691d321e5283212ef7a169bdadbeeded44a	PARTIAL	not_in_stitch_table	partial	klappy/3d-review-cookbook@f30fc2cd8a4cf57761ce9560177b41506e98bb32:planning/2026-09-16-parity-build/04-CAPABILITY-MATRIX.md ; klappy/3d-review-cookbook@c6277206fa82a482ba767641c9c68acbabd890f3:planning/2026-09-16-parity-build/03-DOMAIN-MODEL-AND-PERMISSIONS.md ; klappy/3d-review-cookbook@2e8f76b48902b19bb52aa803102caacd661bacde:planning/2026-09-16-parity-build/prd/18-D-mcp.md	Hand-authored file at recorded app provenance; no maintained executable cookbook producer identified.	./common ; ./errors ; ./types	klappy/3d-review-app@a57ba930ced3c23616982c7dab291949b75a3b8a:src/handlers/language.ts; lasttouch3aac673aff3c4a80475694ac7f226ffada063d73; blobc1ac226af9b3713079fb931cd7097fcb1f1283b0	G01	cb12 04-CAPABILITY-MATRIX §C cap.language.* rows marked PROPOSED + cb12 14-STEVE-REPO-SYNC FIX-07
src/handlers/participant.ts	100644	dda977c4cd466c5f1ec4338a3c603fd11459e168a6ddd5ff583ee6814b6f0fd3	PARTIAL	not_in_stitch_table	partial	klappy/3d-review-cookbook@f30fc2cd8a4cf57761ce9560177b41506e98bb32:planning/2026-09-16-parity-build/04-CAPABILITY-MATRIX.md ; klappy/3d-review-cookbook@c6277206fa82a482ba767641c9c68acbabd890f3:planning/2026-09-16-parity-build/03-DOMAIN-MODEL-AND-PERMISSIONS.md ; klappy/3d-review-cookbook@2e8f76b48902b19bb52aa803102caacd661bacde:planning/2026-09-16-parity-build/prd/18-D-mcp.md ; klappy/3d-review-cookbook@f30fc2cd8a4cf57761ce9560177b41506e98bb32:planning/2026-09-16-parity-build/prd/18-A-shared-link-contract.md	Hand-authored file at recorded app provenance; no maintained executable cookbook producer identified.	../code-escrow ; ./common ; ./errors ; ./shared-link ; ./types	klappy/3d-review-app@a57ba930ced3c23616982c7dab291949b75a3b8a:src/handlers/participant.ts; lasttouchad95321e99923666b3dbc9eac163710e6e70ad41; blobb8888d3cef2d686c46723e34091def49982b0bed	G01	cb12 04-CAPABILITY-MATRIX §A/G + 02 participants; cb12 04-CAPABILITY-MATRIX §rows (id/class/tool/roles/slice) + cb12 03-DOMAIN-MODEL matrix + cb12 05-NLX (J1–J14); per-capability params/result schemas OWED (app contract/README); 18-A/18-B/18-C layer PRDs are stubs Final five-row shared semantics supersede oldone-link/one-respondent behavior; legacy retained separately.
src/handlers/platform.ts	100644	aedba2657675ba03340a2d64c09f0591dea5a583033499e43098a9266591f0e0	PARTIAL	not_in_stitch_table	partial	klappy/3d-review-cookbook@f30fc2cd8a4cf57761ce9560177b41506e98bb32:planning/2026-09-16-parity-build/04-CAPABILITY-MATRIX.md ; klappy/3d-review-cookbook@2e8f76b48902b19bb52aa803102caacd661bacde:planning/2026-09-16-parity-build/prd/18-D-mcp.md ; klappy/3d-review-cookbook@2e8f76b48902b19bb52aa803102caacd661bacde:planning/2026-09-16-parity-build/prd/18-I-testing.md	Hand-authored file at recorded app provenance; no maintained executable cookbook producer identified.	../../contract/capabilities.json ; ../auth ; ../oauth ; ../registry ; ./common ; ./types	klappy/3d-review-app@a57ba930ced3c23616982c7dab291949b75a3b8a:src/handlers/platform.ts; lasttouchbefe794497515684656b93e21570d9749349ab5b; blobc4b866e92aaec69d58db820969f58b321857d00d	G01 ; G10	Finalbefe794 CAS guardedUPDATE+changes===1 mandatory; not in frozen31 essentials, accepted5709304834/5709324338.
src/handlers/project.ts	100644	f49074b010f8fd09a59641b2c2a02c1ab4f300775a5b267d81a7bfe281b5897f	PARTIAL	not_in_stitch_table	partial	klappy/3d-review-cookbook@f30fc2cd8a4cf57761ce9560177b41506e98bb32:planning/2026-09-16-parity-build/04-CAPABILITY-MATRIX.md ; klappy/3d-review-cookbook@c6277206fa82a482ba767641c9c68acbabd890f3:planning/2026-09-16-parity-build/03-DOMAIN-MODEL-AND-PERMISSIONS.md ; klappy/3d-review-cookbook@2e8f76b48902b19bb52aa803102caacd661bacde:planning/2026-09-16-parity-build/prd/18-D-mcp.md	Hand-authored file at recorded app provenance; no maintained executable cookbook producer identified.	./common ; ./errors ; ./types	klappy/3d-review-app@a57ba930ced3c23616982c7dab291949b75a3b8a:src/handlers/project.ts; lasttouch8f2982d4d3ebb87c188c7435e383e86512d4aced; blobe863f4ca941ef619fe6787e729bf3bb53083ba1b	G01	cb12 04-CAPABILITY-MATRIX §C + cb12 03-DOMAIN-MODEL; cb12 04-CAPABILITY-MATRIX §rows (id/class/tool/roles/slice) + cb12 03-DOMAIN-MODEL matrix + cb12 05-NLX (J1–J14); per-capability params/result schemas OWED (app contract/README); 18-A/18-B/18-C layer PRDs are stubs
src/handlers/request.ts	100644	8a5646b6e4c11670929f8a93c8bae427f2aa567e16cb67a3a27b43f54d23e86f	PARTIAL	not_in_stitch_table	partial	klappy/3d-review-cookbook@f30fc2cd8a4cf57761ce9560177b41506e98bb32:planning/2026-09-16-parity-build/04-CAPABILITY-MATRIX.md ; klappy/3d-review-cookbook@c6277206fa82a482ba767641c9c68acbabd890f3:planning/2026-09-16-parity-build/03-DOMAIN-MODEL-AND-PERMISSIONS.md ; klappy/3d-review-cookbook@2e8f76b48902b19bb52aa803102caacd661bacde:planning/2026-09-16-parity-build/prd/18-D-mcp.md	Hand-authored file at recorded app provenance; no maintained executable cookbook producer identified.	./common ; ./errors ; ./types	klappy/3d-review-app@a57ba930ced3c23616982c7dab291949b75a3b8a:src/handlers/request.ts; lasttouchfbc970c541ce9ab6d704405ef86f89dd34d12532; blobfb926a2895fe6a37e44403dd437800924ce1da71	G01	"cb12 03-DOMAIN-MODEL D1 ""request route for others""; cb12 04-CAPABILITY-MATRIX §rows (id/class/tool/roles/slice) + cb12 03-DOMAIN-MODEL matrix + cb12 05-NLX (J1–J14); per-capability params/result schemas OWED (app contract/README); 18-A/18-B/18-C layer PRDs are stubs"
src/handlers/response.ts	100644	7480c9bc40de5c05969ba366284619334121c16213d0eaa58f958ff7493ea613	PARTIAL	not_in_stitch_table	partial	klappy/3d-review-cookbook@f30fc2cd8a4cf57761ce9560177b41506e98bb32:planning/2026-09-16-parity-build/04-CAPABILITY-MATRIX.md ; klappy/3d-review-cookbook@c6277206fa82a482ba767641c9c68acbabd890f3:planning/2026-09-16-parity-build/03-DOMAIN-MODEL-AND-PERMISSIONS.md ; klappy/3d-review-cookbook@2e8f76b48902b19bb52aa803102caacd661bacde:planning/2026-09-16-parity-build/prd/18-D-mcp.md ; klappy/3d-review-cookbook@f30fc2cd8a4cf57761ce9560177b41506e98bb32:planning/2026-09-16-parity-build/prd/18-A-shared-link-contract.md	Hand-authored file at recorded app provenance; no maintained executable cookbook producer identified.	./common ; ./errors ; ./shared-link ; ./types	klappy/3d-review-app@a57ba930ced3c23616982c7dab291949b75a3b8a:src/handlers/response.ts; lasttouchad95321e99923666b3dbc9eac163710e6e70ad41; blob119e2a93f779e8dff7c8f9809c50b89998a61e3b	G01	cb12 04-CAPABILITY-MATRIX §G + CON-INT-001/002; cb12 04-CAPABILITY-MATRIX §rows (id/class/tool/roles/slice) + cb12 03-DOMAIN-MODEL matrix + cb12 05-NLX (J1–J14); per-capability params/result schemas OWED (app contract/README); 18-A/18-B/18-C layer PRDs are stubs Final five-row shared semantics supersede oldone-link/one-respondent behavior; legacy retained separately.
src/handlers/results.ts	100644	660f7584e57b4c7d6418c4d45cea8102a58055cd126de439f65b36bbf4820d02	PARTIAL	not_in_stitch_table	partial	klappy/3d-review-cookbook@f30fc2cd8a4cf57761ce9560177b41506e98bb32:planning/2026-09-16-parity-build/04-CAPABILITY-MATRIX.md ; klappy/3d-review-cookbook@c6277206fa82a482ba767641c9c68acbabd890f3:planning/2026-09-16-parity-build/03-DOMAIN-MODEL-AND-PERMISSIONS.md ; klappy/3d-review-cookbook@2e8f76b48902b19bb52aa803102caacd661bacde:planning/2026-09-16-parity-build/prd/18-D-mcp.md	Hand-authored file at recorded app provenance; no maintained executable cookbook producer identified.	./common ; ./errors ; ./types	klappy/3d-review-app@a57ba930ced3c23616982c7dab291949b75a3b8a:src/handlers/results.ts; lasttouch9c11672504e4a67f65e83054c6287011dd0f7bb4; blob02ddd39f9e114a662974f80f16ac5141ae5be719	G01	cb12 04-CAPABILITY-MATRIX §H (held/501) + CON-PRIV-001 SUPPRESSED; scoring rules held per 14
src/handlers/shared-link.ts	100644	ac52f6d07579e57b8662e989061041286ce204fe17a2892c3a541e6bf043dfd2	NEW_SINCE_117	not_in_stitch_table	partial	klappy/3d-review-cookbook@f30fc2cd8a4cf57761ce9560177b41506e98bb32:planning/2026-09-16-parity-build/prd/18-A-shared-link-contract.md	Hand-authored file at recorded app provenance; no maintained executable cookbook producer identified.	../receipt ; ./common ; ./errors ; ./types	klappy/3d-review-app@a57ba930ced3c23616982c7dab291949b75a3b8a:src/handlers/shared-link.ts; lasttouchad95321e99923666b3dbc9eac163710e6e70ad41; blobd873e7df8eac73abf245f9d4ffbfb54cc1fda1d8	G01	Five-operation spec details authority/lifetime/context/claims; exact helper implementation not owned in cookbook.
src/handlers/support.ts	100644	501eed527420b6c004586a2b422c1b3779b46c01f9119c74c44ee2ec5a038b3f	PARTIAL	not_in_stitch_table	partial	klappy/3d-review-cookbook@f30fc2cd8a4cf57761ce9560177b41506e98bb32:planning/2026-09-16-parity-build/04-CAPABILITY-MATRIX.md ; klappy/3d-review-cookbook@c6277206fa82a482ba767641c9c68acbabd890f3:planning/2026-09-16-parity-build/03-DOMAIN-MODEL-AND-PERMISSIONS.md ; klappy/3d-review-cookbook@2e8f76b48902b19bb52aa803102caacd661bacde:planning/2026-09-16-parity-build/prd/18-D-mcp.md	Hand-authored file at recorded app provenance; no maintained executable cookbook producer identified.	../code-escrow ; ./common ; ./errors ; ./types	klappy/3d-review-app@a57ba930ced3c23616982c7dab291949b75a3b8a:src/handlers/support.ts; lasttouchdbae3b12d721a415f649595c92d3621229c59722; blobcd961e4df42fceb2f7db5eb7e258617210bcbd5b	G01	cb12 04-CAPABILITY-MATRIX §I + D8 + CON-ACC-004
src/handlers/survey.ts	100644	2b2225fb99efed74904c4820f8dd031a05a1987621152cde5ec2b29782c7fca1	PARTIAL	not_in_stitch_table	partial	klappy/3d-review-cookbook@f30fc2cd8a4cf57761ce9560177b41506e98bb32:planning/2026-09-16-parity-build/04-CAPABILITY-MATRIX.md ; klappy/3d-review-cookbook@c6277206fa82a482ba767641c9c68acbabd890f3:planning/2026-09-16-parity-build/03-DOMAIN-MODEL-AND-PERMISSIONS.md ; klappy/3d-review-cookbook@2e8f76b48902b19bb52aa803102caacd661bacde:planning/2026-09-16-parity-build/prd/18-D-mcp.md ; klappy/3d-review-cookbook@f30fc2cd8a4cf57761ce9560177b41506e98bb32:planning/2026-09-16-parity-build/prd/18-A-shared-link-contract.md	Hand-authored file at recorded app provenance; no maintained executable cookbook producer identified.	../code-escrow ; ./common ; ./errors ; ./types	klappy/3d-review-app@a57ba930ced3c23616982c7dab291949b75a3b8a:src/handlers/survey.ts; lasttouchad95321e99923666b3dbc9eac163710e6e70ad41; blob05565bdf84e628bf3b27555464d90c2aa4ba4cf7	G01	cb12 04-CAPABILITY-MATRIX §E/F issue_codes/export_codes/print; escrow details app-only Final five-row shared semantics supersede oldone-link/one-respondent behavior; legacy retained separately.
src/handlers/template.ts	100644	4dd227d49d92da5fc2b43ff62708f08b1d51827d044088edb0f0225337d97cd7	PARTIAL	not_in_stitch_table	partial	klappy/3d-review-cookbook@f30fc2cd8a4cf57761ce9560177b41506e98bb32:planning/2026-09-16-parity-build/04-CAPABILITY-MATRIX.md ; klappy/3d-review-cookbook@c6277206fa82a482ba767641c9c68acbabd890f3:planning/2026-09-16-parity-build/03-DOMAIN-MODEL-AND-PERMISSIONS.md ; klappy/3d-review-cookbook@2e8f76b48902b19bb52aa803102caacd661bacde:planning/2026-09-16-parity-build/prd/18-D-mcp.md	Hand-authored file at recorded app provenance; no maintained executable cookbook producer identified.	./common ; ./errors ; ./types	klappy/3d-review-app@a57ba930ced3c23616982c7dab291949b75a3b8a:src/handlers/template.ts; lasttouchd173e30b0cb02c31f40f06aae99f048ae4ecd909; blob3752c87b4d732b0963d79e733d54800877610598	G01	cb12 04-CAPABILITY-MATRIX §E + cb12 14-STEVE-REPO-SYNC template versioning
src/handlers/types.ts	100644	807f6c7237f597e5568cf7772f50cabf6a0355f960b80328c5031deeda6b99c7	PARTIAL	not_in_stitch_table	partial	klappy/3d-review-cookbook@f30fc2cd8a4cf57761ce9560177b41506e98bb32:planning/2026-09-16-parity-build/04-CAPABILITY-MATRIX.md ; klappy/3d-review-cookbook@c6277206fa82a482ba767641c9c68acbabd890f3:planning/2026-09-16-parity-build/03-DOMAIN-MODEL-AND-PERMISSIONS.md ; klappy/3d-review-cookbook@2e8f76b48902b19bb52aa803102caacd661bacde:planning/2026-09-16-parity-build/prd/18-D-mcp.md	Hand-authored file at recorded app provenance; no maintained executable cookbook producer identified.	./errors	klappy/3d-review-app@a57ba930ced3c23616982c7dab291949b75a3b8a:src/handlers/types.ts; lasttouch44d8387e17649653e82ccaaea0423dd13605b500; blob5ef4c431ff261fe76bbcf7b7d7450cce9f66fffc	G01	types defined only in app INTERFACE.md
src/handlers/undo.ts	100644	364ddc4278e8ffbba83e643929bd7e15e9002a2d4bd77f547d9180214b15b5ac	PARTIAL	not_in_stitch_table	partial	klappy/3d-review-cookbook@f30fc2cd8a4cf57761ce9560177b41506e98bb32:planning/2026-09-16-parity-build/04-CAPABILITY-MATRIX.md ; klappy/3d-review-cookbook@c6277206fa82a482ba767641c9c68acbabd890f3:planning/2026-09-16-parity-build/03-DOMAIN-MODEL-AND-PERMISSIONS.md ; klappy/3d-review-cookbook@2e8f76b48902b19bb52aa803102caacd661bacde:planning/2026-09-16-parity-build/prd/18-D-mcp.md	Hand-authored file at recorded app provenance; no maintained executable cookbook producer identified.	../receipt ; ../registry ; ./index ; ./types	klappy/3d-review-app@a57ba930ced3c23616982c7dab291949b75a3b8a:src/handlers/undo.ts; lasttouch69e70208dd9fef6178d9d5cf40e92d7523073897; blobc967eb1655f7638a7f8452c6f1e4a2bfc3b8121b	G01	CON-INT-003 + MCP-REQ-006 (undo only with true inverse)
src/handlers/workspace.ts	100644	d53da77c8218405db251b28d3bbfe3acb2dff3291c8fe2cfc8eb33532c539c82	PARTIAL	not_in_stitch_table	partial	klappy/3d-review-cookbook@f30fc2cd8a4cf57761ce9560177b41506e98bb32:planning/2026-09-16-parity-build/04-CAPABILITY-MATRIX.md ; klappy/3d-review-cookbook@c6277206fa82a482ba767641c9c68acbabd890f3:planning/2026-09-16-parity-build/03-DOMAIN-MODEL-AND-PERMISSIONS.md ; klappy/3d-review-cookbook@2e8f76b48902b19bb52aa803102caacd661bacde:planning/2026-09-16-parity-build/prd/18-D-mcp.md	Hand-authored file at recorded app provenance; no maintained executable cookbook producer identified.	./common ; ./errors ; ./types	klappy/3d-review-app@a57ba930ced3c23616982c7dab291949b75a3b8a:src/handlers/workspace.ts; lasttouch51796b038e9c09028ab32d1a14a82c587b02fb03; blob708c0c44338e5f0f745b3ae7a0d7a3d48fe593fd	G01	cb12 04-CAPABILITY-MATRIX §B + cb12 03-DOMAIN-MODEL; cb12 04-CAPABILITY-MATRIX §rows (id/class/tool/roles/slice) + cb12 03-DOMAIN-MODEL matrix + cb12 05-NLX (J1–J14); per-capability params/result schemas OWED (app contract/README); 18-A/18-B/18-C layer PRDs are stubs
src/index.ts	100644	515ac096b6702d2a36cf5748c6a1afdf6065eff4abcbdb26218912a689033d99	PARTIAL	not_in_stitch_table	partial	klappy/3d-review-cookbook@f30fc2cd8a4cf57761ce9560177b41506e98bb32:planning/2026-09-16-parity-build/04-CAPABILITY-MATRIX.md ; klappy/3d-review-cookbook@c6277206fa82a482ba767641c9c68acbabd890f3:planning/2026-09-16-parity-build/03-DOMAIN-MODEL-AND-PERMISSIONS.md ; klappy/3d-review-cookbook@2e8f76b48902b19bb52aa803102caacd661bacde:planning/2026-09-16-parity-build/prd/18-D-mcp.md	Hand-authored file at recorded app provenance; no maintained executable cookbook producer identified.	../contract/openapi.yaml ; ../seed/synthetic-responses.sql ; ./access ; ./auth ; ./dispatch ; ./envelope ; ./handlers/common ; ./handlers/docs ; ./handlers/types ; ./mcp ; ./oauth ; ./ratelimit ; ./receipt ; ./registry ; hono	klappy/3d-review-app@a57ba930ced3c23616982c7dab291949b75a3b8a:src/index.ts; lasttouch44d8387e17649653e82ccaaea0423dd13605b500; blob126819cad3a95ff77cbb991b96b82cd740265de1	G01	cb12 02-ARCHITECTURE faces (HTTP twin + /mcp); Hono routing app-only
src/mcp.ts	100644	d98f7a7459e4b81f3c6882e9f8c37b83586d18e4beb86fbe6fae7a43b5242bcd	SPECIFIED	not_in_stitch_table	partial	klappy/3d-review-cookbook@f30fc2cd8a4cf57761ce9560177b41506e98bb32:planning/2026-09-16-parity-build/04-CAPABILITY-MATRIX.md ; klappy/3d-review-cookbook@c6277206fa82a482ba767641c9c68acbabd890f3:planning/2026-09-16-parity-build/03-DOMAIN-MODEL-AND-PERMISSIONS.md ; klappy/3d-review-cookbook@2e8f76b48902b19bb52aa803102caacd661bacde:planning/2026-09-16-parity-build/prd/18-D-mcp.md	Hand-authored file at recorded app provenance; no maintained executable cookbook producer identified.	./handlers/types ; ./receipt ; ./registry	klappy/3d-review-app@a57ba930ced3c23616982c7dab291949b75a3b8a:src/mcp.ts; lasttouch44d8387e17649653e82ccaaea0423dd13605b500; blobe72ac58e80a9609c74e29d363e4aa9b3d31374a9	G01	cb12 prd/18-D-mcp MCP-REQ-001..014 (four tools, JSON-RPC); note 02 says official MCP SDK, app hand-rolls JSON-RPC
src/oauth.ts	100644	6845149a2d7eff0e3cbdd247e59e8cce675d505285f77aea57676ac547da549b	NEW_SINCE_117	PARTIAL	partial	klappy/3d-review-cookbook@2e8f76b48902b19bb52aa803102caacd661bacde:planning/2026-09-16-parity-build/prd/18-D-mcp.md ; klappy/3d-review-cookbook@2e8f76b48902b19bb52aa803102caacd661bacde:planning/2026-09-16-parity-build/receipts/2026-09-17-auth-correction-PLAN.md	Hand-authored file at recorded app provenance; no maintained executable cookbook producer identified.	./handlers/types ; @cloudflare/workers-oauth-provider	klappy/3d-review-app@a57ba930ced3c23616982c7dab291949b75a3b8a:src/oauth.ts; lasttouch4b3d7cce34654baba79dea438ecec76ab7bd1dee; blobac3fe6bba542ef818429a4ee4c14dfb3928624b7	G01	Provider-validatedCSP, mandatoryS256, failclosedKV and declaredresiduals; no maintained exact module.
src/policy.ts	100644	42b375f0103715f39de78f5e14bdbe7e3596202c1b7a3b7836fa7f3a65ff24c7	PARTIAL	not_in_stitch_table	partial	klappy/3d-review-cookbook@f30fc2cd8a4cf57761ce9560177b41506e98bb32:planning/2026-09-16-parity-build/04-CAPABILITY-MATRIX.md ; klappy/3d-review-cookbook@c6277206fa82a482ba767641c9c68acbabd890f3:planning/2026-09-16-parity-build/03-DOMAIN-MODEL-AND-PERMISSIONS.md ; klappy/3d-review-cookbook@2e8f76b48902b19bb52aa803102caacd661bacde:planning/2026-09-16-parity-build/prd/18-D-mcp.md	Hand-authored file at recorded app provenance; no maintained executable cookbook producer identified.	./handlers/types ; ./registry	klappy/3d-review-app@a57ba930ced3c23616982c7dab291949b75a3b8a:src/policy.ts; lasttouch56e4a7e2e6cbeaa1644c7ab0d27096b8396f5ac1; blob4372ab1831ebf7243a278b136d84efb72a2c5246	G01	"cb12 03-DOMAIN-MODEL matrix (B/P cells, D1–D8 held, ""?"" cells) + CON-ACC-001/003; P-defaults chosen by app"
src/ratelimit.ts	100644	00b3156faee39194fd7b45e99f3d7bb342b5147c1759c21ce4887c5b10d11235	NEW_SINCE_117	SPECIFIED	partial	klappy/3d-review-cookbook@2e8f76b48902b19bb52aa803102caacd661bacde:planning/2026-09-16-parity-build/prd/18-D-mcp.md ; klappy/3d-review-cookbook@2e8f76b48902b19bb52aa803102caacd661bacde:planning/2026-09-16-parity-build/prd/18-I-testing.md	Hand-authored file at recorded app provenance; no maintained executable cookbook producer identified.	./handlers/common ; ./handlers/types ; everyone is hammering	klappy/3d-review-app@a57ba930ced3c23616982c7dab291949b75a3b8a:src/ratelimit.ts; lasttouch44d8387e17649653e82ccaaea0423dd13605b500; blob2a265988219d89e088a06fadb2b844b1868184aa	G01	Final merged limits/errors/key order specified; exact module/defaults/serialization not supplied.
src/receipt.ts	100644	35acbaa23ab528909d0c7cef74da43342801d0346a91db7309296f91ec5aa5c5	PARTIAL	not_in_stitch_table	partial	klappy/3d-review-cookbook@f30fc2cd8a4cf57761ce9560177b41506e98bb32:planning/2026-09-16-parity-build/04-CAPABILITY-MATRIX.md ; klappy/3d-review-cookbook@c6277206fa82a482ba767641c9c68acbabd890f3:planning/2026-09-16-parity-build/03-DOMAIN-MODEL-AND-PERMISSIONS.md ; klappy/3d-review-cookbook@2e8f76b48902b19bb52aa803102caacd661bacde:planning/2026-09-16-parity-build/prd/18-D-mcp.md	Hand-authored file at recorded app provenance; no maintained executable cookbook producer identified.	./envelope ; ./handlers/types ; ./registry	klappy/3d-review-app@a57ba930ced3c23616982c7dab291949b75a3b8a:src/receipt.ts; lasttouchf2bce0fe8a8516e549f6eff1e7a33df0d98a83a3; blobf285d9e01f18d40962aa28cbacbc5772efd2631d	G01	CON-INT-003 + 02 receipt fields; rcpt_/tr_/undo_ formats, 300 s confirm TTL only in app INTERFACE.md
src/registry.ts	100644	47e387754e19c159aa19297a25a108021cf0a0ed6e776d8be9c81b9a7fd48bac	SPECIFIED	not_in_stitch_table	partial	klappy/3d-review-cookbook@f30fc2cd8a4cf57761ce9560177b41506e98bb32:planning/2026-09-16-parity-build/04-CAPABILITY-MATRIX.md ; klappy/3d-review-cookbook@c6277206fa82a482ba767641c9c68acbabd890f3:planning/2026-09-16-parity-build/03-DOMAIN-MODEL-AND-PERMISSIONS.md ; klappy/3d-review-cookbook@2e8f76b48902b19bb52aa803102caacd661bacde:planning/2026-09-16-parity-build/prd/18-D-mcp.md	Hand-authored file at recorded app provenance; no maintained executable cookbook producer identified.	../contract/capabilities.json	klappy/3d-review-app@a57ba930ced3c23616982c7dab291949b75a3b8a:src/registry.ts; lasttouch51796b038e9c09028ab32d1a14a82c587b02fb03; blob5f04d1aa662172ee60d36fc4e1e3330df5544fab	G01	"cb12 02-ARCHITECTURE ""capability id is the unit of parity"" + cb12 10-REPROJECTION-AUDIT"
src/worker.ts	100644	55742d1651e7f11db8b0492e963299673f9c4c2e827e9799c6f5708642705ac4	NEW_SINCE_117	PARTIAL	partial	klappy/3d-review-cookbook@2e8f76b48902b19bb52aa803102caacd661bacde:planning/2026-09-16-parity-build/prd/18-D-mcp.md ; klappy/3d-review-cookbook@2e8f76b48902b19bb52aa803102caacd661bacde:planning/2026-09-16-parity-build/receipts/2026-09-17-auth-correction-PLAN.md	Hand-authored file at recorded app provenance; no maintained executable cookbook producer identified.	./auth ; ./index ; ./oauth ; ./ratelimit ; @cloudflare/workers-oauth-provider	klappy/3d-review-app@a57ba930ced3c23616982c7dab291949b75a3b8a:src/worker.ts; lasttouch4b3d7cce34654baba79dea438ecec76ab7bd1dee; blobe950c83571308210aa5142f413f3c7c0ef2d7808	G01	Per-envWeakMap borrowedOAuth glue/D1 redemption/scope-limiter union required; source absent.
src/yaml.d.ts	100644	ab305f52dc0d3064d5c5e1d670148acb92132e9542f8f254a991aa82fb97d41e	UNSPECIFIED	not_in_stitch_table	missing	klappy/3d-review-cookbook@c6277206fa82a482ba767641c9c68acbabd890f3:planning/2026-09-16-parity-build/02-ARCHITECTURE-PROJECTION.md	Hand-authored file at recorded app provenance; no maintained executable cookbook producer identified.		klappy/3d-review-app@a57ba930ced3c23616982c7dab291949b75a3b8a:src/yaml.d.ts; lasttouch1590e374b94177022714b4abaeaec0105e6ce901; blobc01481eafbc75db5d8dc185f462ee27a19dfea1c	G11	Asset module declaration source not supplied by cookbook.
test/a3-d1-journey.test.ts	100644	cf329a3b9215b295f496b8152f51edc9f19e27c7fca2e406bac8e4562698376a	PARTIAL	not_in_stitch_table	partial	klappy/3d-review-cookbook@2e8f76b48902b19bb52aa803102caacd661bacde:planning/2026-09-16-parity-build/prd/18-I-testing.md ; klappy/3d-review-cookbook@bab67393fe1f3f511a028334ca41724e1f8763d4:planning/2026-09-16-parity-build/04-ACCEPTANCE.md	Hand-authored file at recorded app provenance; no maintained executable cookbook producer identified.	../src/handlers/common ; ../src/handlers/participant ; ../src/handlers/response ; ../src/handlers/types ; miniflare ; node:fs ; vitest	klappy/3d-review-app@a57ba930ced3c23616982c7dab291949b75a3b8a:test/a3-d1-journey.test.ts; lasttouch3aac673aff3c4a80475694ac7f226ffada063d73; blob126c3b0a69322ed9bbdf7d60b198afbebd75e879	G01	Test intent/oracles do not supply exact file bytes; unchanged and added cases retain provenance.
test/a3-exact-assessment-grants.test.ts	100644	eb7762f065c83189dc2a675557acbab84313e85d5036c7d483044b2d1c8385ca	PARTIAL	not_in_stitch_table	partial	klappy/3d-review-cookbook@2e8f76b48902b19bb52aa803102caacd661bacde:planning/2026-09-16-parity-build/prd/18-I-testing.md ; klappy/3d-review-cookbook@bab67393fe1f3f511a028334ca41724e1f8763d4:planning/2026-09-16-parity-build/04-ACCEPTANCE.md	Hand-authored file at recorded app provenance; no maintained executable cookbook producer identified.	../src/handlers/assessment ; ../src/handlers/survey ; ../src/handlers/types ; vitest	klappy/3d-review-app@a57ba930ced3c23616982c7dab291949b75a3b8a:test/a3-exact-assessment-grants.test.ts; lasttouch8f2982d4d3ebb87c188c7435e383e86512d4aced; blobf55313ba1ff004363e472192e82a0ac60d096f14	G01	Test intent/oracles do not supply exact file bytes; unchanged and added cases retain provenance.
test/a3-response-results.test.ts	100644	9b4369758200298427d99caa9efe7cf73db95fc73952ca7e25bbae12ac89a6b3	PARTIAL	not_in_stitch_table	partial	klappy/3d-review-cookbook@2e8f76b48902b19bb52aa803102caacd661bacde:planning/2026-09-16-parity-build/prd/18-I-testing.md ; klappy/3d-review-cookbook@bab67393fe1f3f511a028334ca41724e1f8763d4:planning/2026-09-16-parity-build/04-ACCEPTANCE.md	Hand-authored file at recorded app provenance; no maintained executable cookbook producer identified.	../src/handlers/response ; ../src/handlers/results ; ../src/handlers/types ; vitest	klappy/3d-review-app@a57ba930ced3c23616982c7dab291949b75a3b8a:test/a3-response-results.test.ts; lasttouch9c11672504e4a67f65e83054c6287011dd0f7bb4; blob7ee0d474fab1056ed951f4263f174eed1836bc7d	G01	Test intent/oracles do not supply exact file bytes; unchanged and added cases retain provenance.
test/access.test.ts	100644	7f9011f25cd98026f15b810bc6b61bc4e60c60f0bdf014010df98afb1a2c05f7	PARTIAL	not_in_stitch_table	partial	klappy/3d-review-cookbook@2e8f76b48902b19bb52aa803102caacd661bacde:planning/2026-09-16-parity-build/prd/18-I-testing.md ; klappy/3d-review-cookbook@bab67393fe1f3f511a028334ca41724e1f8763d4:planning/2026-09-16-parity-build/04-ACCEPTANCE.md	Hand-authored file at recorded app provenance; no maintained executable cookbook producer identified.	../src/access ; vitest	klappy/3d-review-app@a57ba930ced3c23616982c7dab291949b75a3b8a:test/access.test.ts; lasttouch9d0125664e6b0474326e612d65eebe8bc482a952; blob15e7cea5e2d5eca38c8e52a6ee04569246f8d789	G01	Test intent/oracles do not supply exact file bytes; unchanged and added cases retain provenance.
test/code-escrow.test.ts	100644	35edd60675716806a75edfac56929f02a37991e69d0f187f1b51e2cbb92ebda5	PARTIAL	not_in_stitch_table	partial	klappy/3d-review-cookbook@2e8f76b48902b19bb52aa803102caacd661bacde:planning/2026-09-16-parity-build/prd/18-I-testing.md ; klappy/3d-review-cookbook@bab67393fe1f3f511a028334ca41724e1f8763d4:planning/2026-09-16-parity-build/04-ACCEPTANCE.md	Hand-authored file at recorded app provenance; no maintained executable cookbook producer identified.	../src/code-escrow ; ../src/dispatch ; ../src/handlers/common ; ../src/handlers/participant ; ../src/handlers/types ; ../src/receipt ; ../src/registry ; miniflare ; node:fs ; vitest	klappy/3d-review-app@a57ba930ced3c23616982c7dab291949b75a3b8a:test/code-escrow.test.ts; lasttouchad95321e99923666b3dbc9eac163710e6e70ad41; blob13f7263c5b05fe465ce50a5efde8707069a991ab	G01	Test intent/oracles do not supply exact file bytes; unchanged and added cases retain provenance.
test/collection-stage-gate.test.ts	100644	449c49c18f45e1324c494de1e726cd8f21929853c0dc8cb84418e0b503a4b0c2	PARTIAL	not_in_stitch_table	partial	klappy/3d-review-cookbook@2e8f76b48902b19bb52aa803102caacd661bacde:planning/2026-09-16-parity-build/prd/18-I-testing.md ; klappy/3d-review-cookbook@bab67393fe1f3f511a028334ca41724e1f8763d4:planning/2026-09-16-parity-build/04-ACCEPTANCE.md	Hand-authored file at recorded app provenance; no maintained executable cookbook producer identified.	../src/handlers/assessment ; ../src/handlers/common ; ../src/handlers/participant ; ../src/handlers/survey ; ../src/handlers/types ; miniflare ; node:fs ; vitest	klappy/3d-review-app@a57ba930ced3c23616982c7dab291949b75a3b8a:test/collection-stage-gate.test.ts; lasttouch3aac673aff3c4a80475694ac7f226ffada063d73; blobc37e9d213541077b429b98c3164404fa73b5ec1f	G01	Test intent/oracles do not supply exact file bytes; unchanged and added cases retain provenance.
test/dispatch.test.ts	100644	5c76273419d86790cdbc19317638e0c1be6587c3013294af312734272e34632a	SPECIFIED	not_in_stitch_table	partial	klappy/3d-review-cookbook@2e8f76b48902b19bb52aa803102caacd661bacde:planning/2026-09-16-parity-build/prd/18-I-testing.md ; klappy/3d-review-cookbook@bab67393fe1f3f511a028334ca41724e1f8763d4:planning/2026-09-16-parity-build/04-ACCEPTANCE.md	Hand-authored file at recorded app provenance; no maintained executable cookbook producer identified.	../src/dispatch ; ../src/handlers ; ../src/handlers/platform ; ../src/handlers/types ; ../src/index ; ../src/receipt ; ../src/registry ; vitest	klappy/3d-review-app@a57ba930ced3c23616982c7dab291949b75a3b8a:test/dispatch.test.ts; lasttouch72bf432cc65178d2cbbe8c4e94817ff7861f4f45; blobb52776e9bbb595d47dbe6136d53bb2585a56f6a1	G01	Test intent/oracles do not supply exact file bytes; unchanged and added cases retain provenance.
test/fail-closed-env.test.ts	100644	4e4e1ebb17cb788cccdb28f99e5571249a552dadc84b2bd0903e73a0cc5f4b8d	PARTIAL	not_in_stitch_table	partial	klappy/3d-review-cookbook@2e8f76b48902b19bb52aa803102caacd661bacde:planning/2026-09-16-parity-build/prd/18-I-testing.md ; klappy/3d-review-cookbook@bab67393fe1f3f511a028334ca41724e1f8763d4:planning/2026-09-16-parity-build/04-ACCEPTANCE.md	Hand-authored file at recorded app provenance; no maintained executable cookbook producer identified.	../src/handlers/platform ; ../src/handlers/types ; ../src/index ; ../src/worker ; vitest	klappy/3d-review-app@a57ba930ced3c23616982c7dab291949b75a3b8a:test/fail-closed-env.test.ts; lasttouch85e9670cec3878f9b1e2be7f319c13c00cf868dd; blob4f2a7976485218d88497248c67a19feca54e86f7	G01	Test intent/oracles do not supply exact file bytes; unchanged and added cases retain provenance.
test/fixtures/shared-link-contract.dev.mjs	100644	0d4b64681d98a775818fd312daf82431a4611f6b27f320456908a586d0d6a75a	NEW_SINCE_117	not_in_stitch_table	partial	klappy/3d-review-cookbook@f30fc2cd8a4cf57761ce9560177b41506e98bb32:planning/2026-09-16-parity-build/prd/18-A-shared-link-contract.md	Hand-authored file at recorded app provenance; no maintained executable cookbook producer identified.		klappy/3d-review-app@a57ba930ced3c23616982c7dab291949b75a3b8a:test/fixtures/shared-link-contract.dev.mjs; lasttouch3ad3cbb55c7e302a1b1e401255583c3fd7c6312f; blob95f8de0744b1b770a59a186ea402287c31b92511	G01	DEV-only synthetic contract fixture outside shipped ui assets; exact source fixture absent.
test/lane-b-grants.test.ts	100644	fce02c2209374f84415b0d410908be234f22fe6805e73cac80bb5cd91dbd7b92	PARTIAL	not_in_stitch_table	partial	klappy/3d-review-cookbook@2e8f76b48902b19bb52aa803102caacd661bacde:planning/2026-09-16-parity-build/prd/18-I-testing.md ; klappy/3d-review-cookbook@bab67393fe1f3f511a028334ca41724e1f8763d4:planning/2026-09-16-parity-build/04-ACCEPTANCE.md	Hand-authored file at recorded app provenance; no maintained executable cookbook producer identified.	../src/code-escrow ; ../src/dispatch ; ../src/handlers/common ; ../src/handlers/grant ; ../src/handlers/participant ; ../src/handlers/request ; ../src/handlers/support ; ../src/handlers/types ; ../src/receipt ; miniflare ; node:fs ; vitest	klappy/3d-review-app@a57ba930ced3c23616982c7dab291949b75a3b8a:test/lane-b-grants.test.ts; lasttouch3aac673aff3c4a80475694ac7f226ffada063d73; blob179a55691e3fe4b1aa1a02cda9aad9daea915cdc	G01	Test intent/oracles do not supply exact file bytes; unchanged and added cases retain provenance.
test/language.test.ts	100644	fd1855d39740991b2b0845ebd173f75d928e7f305ead3ae5a5644ccfe259debe	PARTIAL	not_in_stitch_table	partial	klappy/3d-review-cookbook@2e8f76b48902b19bb52aa803102caacd661bacde:planning/2026-09-16-parity-build/prd/18-I-testing.md ; klappy/3d-review-cookbook@bab67393fe1f3f511a028334ca41724e1f8763d4:planning/2026-09-16-parity-build/04-ACCEPTANCE.md	Hand-authored file at recorded app provenance; no maintained executable cookbook producer identified.	../src/dispatch ; ../src/handlers/types ; miniflare ; node:fs ; vitest	klappy/3d-review-app@a57ba930ced3c23616982c7dab291949b75a3b8a:test/language.test.ts; lasttouch3aac673aff3c4a80475694ac7f226ffada063d73; blob9300c479937ea8238c522af0e509ace0d0a15cd4	G01	Test intent/oracles do not supply exact file bytes; unchanged and added cases retain provenance.
test/limiter-boundary.test.ts	100644	472ac70e14fbae524b088f1301be0d52c2d0cb62262cbe19d010609ea5a57e32	NEW_SINCE_117	not_in_stitch_table	partial	klappy/3d-review-cookbook@2e8f76b48902b19bb52aa803102caacd661bacde:planning/2026-09-16-parity-build/prd/18-I-testing.md ; klappy/3d-review-cookbook@bab67393fe1f3f511a028334ca41724e1f8763d4:planning/2026-09-16-parity-build/04-ACCEPTANCE.md ; klappy/3d-review-cookbook@2e8f76b48902b19bb52aa803102caacd661bacde:planning/2026-09-16-parity-build/prd/18-D-mcp.md ; klappy/3d-review-cookbook@2e8f76b48902b19bb52aa803102caacd661bacde:planning/2026-09-16-parity-build/receipts/2026-09-17-auth-correction-PLAN.md	Hand-authored file at recorded app provenance; no maintained executable cookbook producer identified.	../src/auth ; ../src/handlers/common ; ../src/index ; ../src/ratelimit ; miniflare ; node:fs ; vitest	klappy/3d-review-app@a57ba930ced3c23616982c7dab291949b75a3b8a:test/limiter-boundary.test.ts; lasttouch44d8387e17649653e82ccaaea0423dd13605b500; blobd7a64c2657b6e519305e9d26764061e2835a9c22	G01	Test intent/oracles do not supply exact file bytes; unchanged and added cases retain provenance. Final Authprovider/limiter union and cost counters needed.
test/logout-cross-face.test.ts	100644	30ecb79294d1d810c87866695f82d9da417b481bdb24fa8273ba95f68d0adf58	PARTIAL	not_in_stitch_table	partial	klappy/3d-review-cookbook@2e8f76b48902b19bb52aa803102caacd661bacde:planning/2026-09-16-parity-build/prd/18-I-testing.md ; klappy/3d-review-cookbook@bab67393fe1f3f511a028334ca41724e1f8763d4:planning/2026-09-16-parity-build/04-ACCEPTANCE.md	Hand-authored file at recorded app provenance; no maintained executable cookbook producer identified.	../src/auth ; ../src/index ; miniflare ; node:fs ; vitest	klappy/3d-review-app@a57ba930ced3c23616982c7dab291949b75a3b8a:test/logout-cross-face.test.ts; lasttouch518e083aee6395fef144f8705b888d1d76941ff7; blob59ff4e6863aa78b44a49218ccbed577071696019	G01	Test intent/oracles do not supply exact file bytes; unchanged and added cases retain provenance.
test/mcp-oauth-hardening.test.ts	100644	e1a53b1d07c4e7c777f9810dce973b57a2e110461bbad80bb066438bab529d4d	NEW_SINCE_117	not_in_stitch_table	partial	klappy/3d-review-cookbook@2e8f76b48902b19bb52aa803102caacd661bacde:planning/2026-09-16-parity-build/prd/18-I-testing.md ; klappy/3d-review-cookbook@bab67393fe1f3f511a028334ca41724e1f8763d4:planning/2026-09-16-parity-build/04-ACCEPTANCE.md ; klappy/3d-review-cookbook@2e8f76b48902b19bb52aa803102caacd661bacde:planning/2026-09-16-parity-build/prd/18-D-mcp.md ; klappy/3d-review-cookbook@2e8f76b48902b19bb52aa803102caacd661bacde:planning/2026-09-16-parity-build/receipts/2026-09-17-auth-correction-PLAN.md	Hand-authored file at recorded app provenance; no maintained executable cookbook producer identified.	../src/access ; ../src/auth ; ../src/oauth ; ../src/worker ; miniflare ; node:fs ; vitest	klappy/3d-review-app@a57ba930ced3c23616982c7dab291949b75a3b8a:test/mcp-oauth-hardening.test.ts; lasttoucha3defc04677585acaa547492634bb50d5a927c2e; blob404b05a2ee60cba2d48eb4a78877a543749f0ad2	G01	Test intent/oracles do not supply exact file bytes; unchanged and added cases retain provenance. Final Authprovider/limiter union and cost counters needed.
test/mcp-oauth.test.ts	100644	a5d9bed9630d5b0cfb31339b9b185af649d266a232b71cc3811c6dfe66c6c692	NEW_SINCE_117	PARTIAL	partial	klappy/3d-review-cookbook@2e8f76b48902b19bb52aa803102caacd661bacde:planning/2026-09-16-parity-build/prd/18-I-testing.md ; klappy/3d-review-cookbook@bab67393fe1f3f511a028334ca41724e1f8763d4:planning/2026-09-16-parity-build/04-ACCEPTANCE.md ; klappy/3d-review-cookbook@2e8f76b48902b19bb52aa803102caacd661bacde:planning/2026-09-16-parity-build/prd/18-D-mcp.md ; klappy/3d-review-cookbook@2e8f76b48902b19bb52aa803102caacd661bacde:planning/2026-09-16-parity-build/receipts/2026-09-17-auth-correction-PLAN.md	Hand-authored file at recorded app provenance; no maintained executable cookbook producer identified.	../src/access ; ../src/auth ; ../src/worker ; miniflare ; node:fs ; vitest	klappy/3d-review-app@a57ba930ced3c23616982c7dab291949b75a3b8a:test/mcp-oauth.test.ts; lasttouch85e9670cec3878f9b1e2be7f319c13c00cf868dd; blob1576213272c7d07ccd036bcd3d8bebadfb8f3e8e	G01	Test intent/oracles do not supply exact file bytes; unchanged and added cases retain provenance. Final Authprovider/limiter union and cost counters needed.
test/participant-auth.test.ts	100644	20489a792dd072e717725e9b7c721d9df4a0db41be8c1814c260c7762d6ab709	PARTIAL	not_in_stitch_table	partial	klappy/3d-review-cookbook@2e8f76b48902b19bb52aa803102caacd661bacde:planning/2026-09-16-parity-build/prd/18-I-testing.md ; klappy/3d-review-cookbook@bab67393fe1f3f511a028334ca41724e1f8763d4:planning/2026-09-16-parity-build/04-ACCEPTANCE.md	Hand-authored file at recorded app provenance; no maintained executable cookbook producer identified.	../src/auth ; ../src/handlers/types ; vitest	klappy/3d-review-app@a57ba930ced3c23616982c7dab291949b75a3b8a:test/participant-auth.test.ts; lasttouch3fca8c380dba6d7db20616bf8f52d8508d201ac5; blob5107ef5beceda900d5ae7b17b6840abc8c8352aa	G01	Test intent/oracles do not supply exact file bytes; unchanged and added cases retain provenance.
test/pinned-instruments.test.ts	100644	ae25dea63c8fa5bc00d01c4242699808da09e7bea67ed37519a2cf3badb0684e	PARTIAL	not_in_stitch_table	partial	klappy/3d-review-cookbook@2e8f76b48902b19bb52aa803102caacd661bacde:planning/2026-09-16-parity-build/prd/18-I-testing.md ; klappy/3d-review-cookbook@bab67393fe1f3f511a028334ca41724e1f8763d4:planning/2026-09-16-parity-build/04-ACCEPTANCE.md	Hand-authored file at recorded app provenance; no maintained executable cookbook producer identified.	../src/handlers/common ; ../src/handlers/response ; ../src/handlers/types ; miniflare ; node:fs ; vitest	klappy/3d-review-app@a57ba930ced3c23616982c7dab291949b75a3b8a:test/pinned-instruments.test.ts; lasttouch4491617cb2bc2cad5d905625a175c306d8568a37; blob70ff26253db5b82231fe2dc228eb0f3ac536de40	G01	Test intent/oracles do not supply exact file bytes; unchanged and added cases retain provenance.
test/rate-limits.test.ts	100644	2f1cc796e08c733a72c036029e35f507f63723d6ff7e62ebe8f2242cf0439bb1	NEW_SINCE_117	SPECIFIED	partial	klappy/3d-review-cookbook@2e8f76b48902b19bb52aa803102caacd661bacde:planning/2026-09-16-parity-build/prd/18-I-testing.md ; klappy/3d-review-cookbook@bab67393fe1f3f511a028334ca41724e1f8763d4:planning/2026-09-16-parity-build/04-ACCEPTANCE.md ; klappy/3d-review-cookbook@2e8f76b48902b19bb52aa803102caacd661bacde:planning/2026-09-16-parity-build/prd/18-D-mcp.md ; klappy/3d-review-cookbook@2e8f76b48902b19bb52aa803102caacd661bacde:planning/2026-09-16-parity-build/receipts/2026-09-17-auth-correction-PLAN.md	Hand-authored file at recorded app provenance; no maintained executable cookbook producer identified.	../src/auth ; ../src/index ; miniflare ; node:fs ; vitest	klappy/3d-review-app@a57ba930ced3c23616982c7dab291949b75a3b8a:test/rate-limits.test.ts; lasttouchc4321f8063f8f017180da7d5f065f75cb02c69cd; blob16cd991f3a334d0737b0d268333014d8d5167415	G01	Test intent/oracles do not supply exact file bytes; unchanged and added cases retain provenance. Final Authprovider/limiter union and cost counters needed.
test/rubric-source-readback.test.ts	100644	6e82448ca6836d97cb9ab515dddbb0689556ffb1268d1ea6f9cc478749f1e7d9	SPECIFIED	not_in_stitch_table	partial	klappy/3d-review-cookbook@2e8f76b48902b19bb52aa803102caacd661bacde:planning/2026-09-16-parity-build/prd/18-I-testing.md ; klappy/3d-review-cookbook@bab67393fe1f3f511a028334ca41724e1f8763d4:planning/2026-09-16-parity-build/04-ACCEPTANCE.md	Hand-authored file at recorded app provenance; no maintained executable cookbook producer identified.	node:crypto ; node:fs ; vitest	klappy/3d-review-app@a57ba930ced3c23616982c7dab291949b75a3b8a:test/rubric-source-readback.test.ts; lasttouch518e083aee6395fef144f8705b888d1d76941ff7; blob36f6ac32a93f11950a31b0be713c763b7ec7ce0c	G01	Test intent/oracles do not supply exact file bytes; unchanged and added cases retain provenance.
test/shared-link-browser.test.ts	100644	bdfd2f728ff07b3b43ce527667ff0b94818674f66e4603730f2a85c3fe90ff19	NEW_SINCE_117	not_in_stitch_table	partial	klappy/3d-review-cookbook@f30fc2cd8a4cf57761ce9560177b41506e98bb32:planning/2026-09-16-parity-build/prd/18-A-shared-link-contract.md ; klappy/3d-review-cookbook@41a4ee29c5f7e3c102b83576e3f3c40b7d3a5bc4:design-system/copy.md ; klappy/3d-review-cookbook@bab67393fe1f3f511a028334ca41724e1f8763d4:planning/2026-09-16-parity-build/04-ACCEPTANCE.md	Hand-authored file at recorded app provenance; no maintained executable cookbook producer identified.	../src/auth ; ../src/index ; ../ui/shared-link.js ; ./fixtures/shared-link-contract.dev.mjs ; miniflare ; node:fs ; vitest	klappy/3d-review-app@a57ba930ced3c23616982c7dab291949b75a3b8a:test/shared-link-browser.test.ts; lasttouch884c4c1bdae1db9c6ff2b221936438fb01236bb9; blob89b5a0f626848591cb5ca27399c7269280680d3f	G01 ; G10 ; G13	Exact final884R15 tests+receipt-kind cases and prior DOM/client cases; local harness not full liveChromium substitute.
test/shared-link-concurrency.test.ts	100644	838b72457ba978b01fefa9673258919b8fb3ef76b7933102cbbb3a6cfc85cd1c	NEW_SINCE_117	not_in_stitch_table	partial	klappy/3d-review-cookbook@2e8f76b48902b19bb52aa803102caacd661bacde:planning/2026-09-16-parity-build/prd/18-I-testing.md ; klappy/3d-review-cookbook@bab67393fe1f3f511a028334ca41724e1f8763d4:planning/2026-09-16-parity-build/04-ACCEPTANCE.md ; klappy/3d-review-cookbook@f30fc2cd8a4cf57761ce9560177b41506e98bb32:planning/2026-09-16-parity-build/prd/18-A-shared-link-contract.md	Hand-authored file at recorded app provenance; no maintained executable cookbook producer identified.	../src/auth ; ../src/handlers/common ; ../src/handlers/response ; ../src/handlers/types ; ../src/index ; miniflare ; node:fs ; vitest	klappy/3d-review-app@a57ba930ced3c23616982c7dab291949b75a3b8a:test/shared-link-concurrency.test.ts; lasttouchad95321e99923666b3dbc9eac163710e6e70ad41; blob3d9311233613fa601f91e0733f1e3b00b4a302b3	G01 ; G12	Test intent/oracles do not supply exact file bytes; unchanged and added cases retain provenance. Uses exact local0001–0004,0006,0007; no0005.
test/shared-link-flow.test.ts	100644	6a5dd2e1758688b1e7809446960c8aaa3db4c6782f9451c24c4c5965d043d731	NEW_SINCE_117	not_in_stitch_table	partial	klappy/3d-review-cookbook@2e8f76b48902b19bb52aa803102caacd661bacde:planning/2026-09-16-parity-build/prd/18-I-testing.md ; klappy/3d-review-cookbook@bab67393fe1f3f511a028334ca41724e1f8763d4:planning/2026-09-16-parity-build/04-ACCEPTANCE.md ; klappy/3d-review-cookbook@f30fc2cd8a4cf57761ce9560177b41506e98bb32:planning/2026-09-16-parity-build/prd/18-A-shared-link-contract.md	Hand-authored file at recorded app provenance; no maintained executable cookbook producer identified.	../src/auth ; ../src/handlers/common ; ../src/index ; miniflare ; node:fs ; vitest	klappy/3d-review-app@a57ba930ced3c23616982c7dab291949b75a3b8a:test/shared-link-flow.test.ts; lasttouchad95321e99923666b3dbc9eac163710e6e70ad41; blob68dfc24e1ec3fedfd872a15d99ac63303385f051	G01 ; G12	Test intent/oracles do not supply exact file bytes; unchanged and added cases retain provenance. Uses exact local0001–0004,0006,0007; no0005.
test/stitch-integrated-cost.test.ts	100644	1c2010687d36b20ac379662aa39ba9385da7bd366ac7e59fd2aa0a1d5de5fb3e	NEW_SINCE_117	not_in_stitch_table	partial	klappy/3d-review-cookbook@2e8f76b48902b19bb52aa803102caacd661bacde:planning/2026-09-16-parity-build/prd/18-I-testing.md ; klappy/3d-review-cookbook@bab67393fe1f3f511a028334ca41724e1f8763d4:planning/2026-09-16-parity-build/04-ACCEPTANCE.md ; klappy/3d-review-cookbook@2e8f76b48902b19bb52aa803102caacd661bacde:planning/2026-09-16-parity-build/prd/18-D-mcp.md ; klappy/3d-review-cookbook@2e8f76b48902b19bb52aa803102caacd661bacde:planning/2026-09-16-parity-build/receipts/2026-09-17-auth-correction-PLAN.md	Hand-authored file at recorded app provenance; no maintained executable cookbook producer identified.	../src/worker ; miniflare ; node:fs ; vitest	klappy/3d-review-app@a57ba930ced3c23616982c7dab291949b75a3b8a:test/stitch-integrated-cost.test.ts; lasttoucha3defc04677585acaa547492634bb50d5a927c2e; blob593f787c4456519a6005fe83ccb5287bc124aeab	G01	Test intent/oracles do not supply exact file bytes; unchanged and added cases retain provenance. Final Authprovider/limiter union and cost counters needed.
test/stubs/cloudflare-workers.ts	100644	ea9ea70025d780dc8397a9028bc42cc2156e58c47fd36a93818e20c7c6068367	NEW_SINCE_117	UNSPECIFIED	missing	klappy/3d-review-cookbook@2e8f76b48902b19bb52aa803102caacd661bacde:planning/2026-09-16-parity-build/prd/18-I-testing.md ; klappy/3d-review-cookbook@bab67393fe1f3f511a028334ca41724e1f8763d4:planning/2026-09-16-parity-build/04-ACCEPTANCE.md	Hand-authored file at recorded app provenance; no maintained executable cookbook producer identified.		klappy/3d-review-app@a57ba930ced3c23616982c7dab291949b75a3b8a:test/stubs/cloudflare-workers.ts; lasttouch91d23fef2b6b37e37e706993755fc78ed60dbf79; blobdee2d3980540725aefb615db5667867a76181da2	G11	Test-only Workers export stub exact content absent; cannot infer implementation from product acceptance.
test/synthetic-owner-auth.test.ts	100644	867dc1f67d5fc465d978f734a6f649bfa85e618ab79aa48e8d45b532496c2773	UNSPECIFIED	not_in_stitch_table	partial	klappy/3d-review-cookbook@2e8f76b48902b19bb52aa803102caacd661bacde:planning/2026-09-16-parity-build/prd/18-D-mcp.md ; klappy/3d-review-cookbook@2e8f76b48902b19bb52aa803102caacd661bacde:planning/2026-09-16-parity-build/prd/18-I-testing.md	Hand-authored file at recorded app provenance; no maintained executable cookbook producer identified.	../src/auth ; ../src/dispatch ; ../src/handlers/common ; ../src/handlers/types ; miniflare ; node:fs ; vitest	klappy/3d-review-app@a57ba930ced3c23616982c7dab291949b75a3b8a:test/synthetic-owner-auth.test.ts; lasttouchbefe794497515684656b93e21570d9749349ab5b; blob0290c0786ce8fed58bd1237ebb2e65085a1a5d7b	G01 ; G10	Finalbefe794 added overlapping emailconsumeCAS falsifier; old baseline test was unspecified.
test/synthetic-seed.test.ts	100644	12cb4de17ab83bf19f05acb79c9ea035d8f112455b0eb0c8d12858608c084018	PARTIAL	not_in_stitch_table	partial	klappy/3d-review-cookbook@2e8f76b48902b19bb52aa803102caacd661bacde:planning/2026-09-16-parity-build/prd/18-I-testing.md ; klappy/3d-review-cookbook@bab67393fe1f3f511a028334ca41724e1f8763d4:planning/2026-09-16-parity-build/04-ACCEPTANCE.md	Hand-authored file at recorded app provenance; no maintained executable cookbook producer identified.	miniflare ; node:fs ; vitest	klappy/3d-review-app@a57ba930ced3c23616982c7dab291949b75a3b8a:test/synthetic-seed.test.ts; lasttouch36a1b024fe5e2ebb7ae7ed13ca2e0dd9f2644e8b; blobcf04b9ff51ee2bfa83778dd7dd1457b7bb0587c1	G01	Test intent/oracles do not supply exact file bytes; unchanged and added cases retain provenance.
test/undo-batch.test.ts	100644	c0f0e2b8eb1efa796cae853e23848bcdb2212266cf677aa970fd5e7aafd8caca	PARTIAL	not_in_stitch_table	partial	klappy/3d-review-cookbook@2e8f76b48902b19bb52aa803102caacd661bacde:planning/2026-09-16-parity-build/prd/18-I-testing.md ; klappy/3d-review-cookbook@bab67393fe1f3f511a028334ca41724e1f8763d4:planning/2026-09-16-parity-build/04-ACCEPTANCE.md	Hand-authored file at recorded app provenance; no maintained executable cookbook producer identified.	../src/dispatch ; ../src/handlers/types ; ../src/receipt ; miniflare ; node:fs ; vitest	klappy/3d-review-app@a57ba930ced3c23616982c7dab291949b75a3b8a:test/undo-batch.test.ts; lasttouch3aac673aff3c4a80475694ac7f226ffada063d73; blob62485895c7e6274f40e62d195d383e250eccc077	G01	Test intent/oracles do not supply exact file bytes; unchanged and added cases retain provenance.
tools/build_pinned_instruments.py	100644	3f1a79a72badd16e55d6c1daf8c9797600c5c31cccda24a94863c4d4079fb481	PARTIAL	not_in_stitch_table	partial	klappy/3d-review-cookbook@c6277206fa82a482ba767641c9c68acbabd890f3:planning/2026-09-16-parity-build/14-FIXTURE-MANIFEST.json ; klappy/3d-review-cookbook@c6277206fa82a482ba767641c9c68acbabd890f3:planning/2026-09-16-parity-build/14-STEVE-REPO-SYNC.md ; klappy/3d-review-cookbook@c6277206fa82a482ba767641c9c68acbabd890f3:planning/2026-09-16-parity-build/prd/18-B-attestation-design.md	Hand-authored file at recorded app provenance; no maintained executable cookbook producer identified.		klappy/3d-review-app@a57ba930ced3c23616982c7dab291949b75a3b8a:tools/build_pinned_instruments.py; lasttouch4491617cb2bc2cad5d905625a175c306d8568a37; blob99a6541c3395280c85a7a0c1d58126975527c533	G05	App-only producer source is evidence to reconcile, cannot be handed to blind builder via app checkout. cb12 14-STEVE-REPO-SYNC requirements; CSV column→items_json/select
tools/gen_contract.py	100644	54dfa47a6883713ca723657a223c8344e0fe5f5b89b99c4e8e3024db11335cfb	PARTIAL	not_in_stitch_table	partial	klappy/3d-review-cookbook@f30fc2cd8a4cf57761ce9560177b41506e98bb32:planning/2026-09-16-parity-build/04-CAPABILITY-MATRIX.md ; klappy/3d-review-cookbook@dac8a457647cbd1c5d261d360325ea1d0dff2f75:planning/2026-09-16-reproducible-build/REPROJECTION.md	Hand-authored file at recorded app provenance; no maintained executable cookbook producer identified.		klappy/3d-review-app@a57ba930ced3c23616982c7dab291949b75a3b8a:tools/gen_contract.py; lasttouch72bf432cc65178d2cbbe8c4e94817ff7861f4f45; blobf421ddfa8ca95097f01336da5ac7f9e247012cae	G03	"App-only producer source is evidence to reconcile, cannot be handed to blind builder via app checkout. cb12 04-CAPABILITY-MATRIX § ""Lane A generates"" + cb12 10-REPROJECTION-AUDIT; PATH_FIX (21 paths) + inference heuristics app-only"
tools/synth_answers.py	100644	77980d9de1c14e10a248e8851100204c870e554abb2971678a253ffff1f6a3bc	PARTIAL	not_in_stitch_table	partial	klappy/3d-review-cookbook@c6277206fa82a482ba767641c9c68acbabd890f3:planning/2026-09-16-parity-build/14-FIXTURE-MANIFEST.json ; klappy/3d-review-cookbook@c6277206fa82a482ba767641c9c68acbabd890f3:planning/2026-09-16-parity-build/14-STEVE-REPO-SYNC.md ; klappy/3d-review-cookbook@c6277206fa82a482ba767641c9c68acbabd890f3:planning/2026-09-16-parity-build/prd/18-B-attestation-design.md	Hand-authored file at recorded app provenance; no maintained executable cookbook producer identified.		klappy/3d-review-app@a57ba930ced3c23616982c7dab291949b75a3b8a:tools/synth_answers.py; lasttouch59b60423148b3755213e08cfebb718d6346a9d1c; blob2915659e3d4876d57231e0e2dd6ce2da91956062	G05	App-only producer source is evidence to reconcile, cannot be handed to blind builder via app checkout. cb12 14-STEVE-REPO-SYNC FIX-12; generator invocation app-only
tools/synth_seed_sql.py	100644	9f554ae50557f53e5b1cff59a3361839b9beee40200afd2dd94d6364122153c2	PARTIAL	not_in_stitch_table	partial	klappy/3d-review-cookbook@c6277206fa82a482ba767641c9c68acbabd890f3:planning/2026-09-16-parity-build/14-FIXTURE-MANIFEST.json ; klappy/3d-review-cookbook@c6277206fa82a482ba767641c9c68acbabd890f3:planning/2026-09-16-parity-build/14-STEVE-REPO-SYNC.md ; klappy/3d-review-cookbook@c6277206fa82a482ba767641c9c68acbabd890f3:planning/2026-09-16-parity-build/prd/18-B-attestation-design.md	Hand-authored file at recorded app provenance; no maintained executable cookbook producer identified.		klappy/3d-review-app@a57ba930ced3c23616982c7dab291949b75a3b8a:tools/synth_seed_sql.py; lasttouch36a1b024fe5e2ebb7ae7ed13ca2e0dd9f2644e8b; blob1e3415b52389564ab7dfd2c661dad364b5a2c9e4	G05	App-only producer source is evidence to reconcile, cannot be handed to blind builder via app checkout. cb12 prd/18-B-attestation-design ID mapping rules; sha 9f554ae… pinned as evidence
tsconfig.json	100644	9f68369267331775070589e9d7272d56bd2f3fef69b752e5095d1e62b89b5afd	UNSPECIFIED	not_in_stitch_table	missing	klappy/3d-review-cookbook@c6277206fa82a482ba767641c9c68acbabd890f3:planning/2026-09-16-parity-build/02-ARCHITECTURE-PROJECTION.md	Hand-authored file at recorded app provenance; no maintained executable cookbook producer identified.		klappy/3d-review-app@a57ba930ced3c23616982c7dab291949b75a3b8a:tsconfig.json; lasttouch56e4a7e2e6cbeaa1644c7ab0d27096b8396f5ac1; blob204d133a63e6f417a0d1086b92a230769cb70397	G11	Compiler options unprovided in selected cookbook.
ui/.assetsignore	100644	cbb659d58c0d8b78a27be07a788efa42496544f92cb13352f468081e1f4cc782	UNSPECIFIED	not_in_stitch_table	partial	klappy/3d-review-cookbook@ecab91ae12f7361f1b8d273b15c095c681a67445:planning/2026-09-16-parity-build/operations/A8-DEV-PRODUCTION.md ; klappy/3d-review-cookbook@f30fc2cd8a4cf57761ce9560177b41506e98bb32:planning/2026-09-16-parity-build/prd/18-A-shared-link-contract.md	Hand-authored file at recorded app provenance; no maintained executable cookbook producer identified.		klappy/3d-review-app@a57ba930ced3c23616982c7dab291949b75a3b8a:ui/.assetsignore; lasttoucha281c77136d0e330cc92d22e56f6c5810f7c89ee; blob48fa374e04032a16e31b3dde6432aff5c683088d	G02 ; G06	Selected PR18asset exclusions; exact source template needed to prevent testasset publication.
ui/README.md	100644	ad3006d84a2c7bd8354c6b06271c674b41a226c3f6d412b099a8dc4d1fb0b8fa	UNSPECIFIED	not_in_stitch_table	missing	klappy/3d-review-cookbook@41a4ee29c5f7e3c102b83576e3f3c40b7d3a5bc4:design-system/copy.md ; klappy/3d-review-cookbook@f30fc2cd8a4cf57761ce9560177b41506e98bb32:planning/2026-09-16-parity-build/prd/18-A-shared-link-contract.md	Hand-authored file at recorded app provenance; no maintained executable cookbook producer identified.		klappy/3d-review-app@a57ba930ced3c23616982c7dab291949b75a3b8a:ui/README.md; lasttouch61c21dc7c8cad165c4eb7125fcbc825cf5516991; blob669230788f73d7c59b91e223d24c0cdd11cf138b	G06	"No matching maintained shipped-shell source/behavior specification located; designkit is distinct. ""temporary functional UI shell … Design lane may replace""; not in cookbook"
ui/app.js	100644	4ca7a5afec2f38a4655ec03587f0140c625a359ff66e0484aa72d54197f07383	UNSPECIFIED	not_in_stitch_table	partial	klappy/3d-review-cookbook@f30fc2cd8a4cf57761ce9560177b41506e98bb32:planning/2026-09-16-parity-build/prd/18-A-shared-link-contract.md ; klappy/3d-review-cookbook@41a4ee29c5f7e3c102b83576e3f3c40b7d3a5bc4:design-system/copy.md ; klappy/3d-review-cookbook@bab67393fe1f3f511a028334ca41724e1f8763d4:planning/2026-09-16-parity-build/04-ACCEPTANCE.md	Hand-authored file at recorded app provenance; no maintained executable cookbook producer identified.	./language.js ; ./participant-resume.js ; ./present.js ; ./shared-link.js ; ./visibility.js	klappy/3d-review-app@a57ba930ced3c23616982c7dab291949b75a3b8a:ui/app.js; lasttouch884c4c1bdae1db9c6ff2b221936438fb01236bb9; blobc5f22795b15b43544df2bb8c422311d115b62f43	G06 ; G10 ; G13	Final884c4c1 R15 nofragment receipt failure: oneGET,noPOST/no storagechange,cannotResume,no rawglobalerror; submit rawCODE/uncertaincopy remain defects.
ui/index.html	100644	38327421d1332f537d04b854d9b49f6a410793a1f86149c16242b26bbd89d734	UNSPECIFIED	not_in_stitch_table	partial	klappy/3d-review-cookbook@41a4ee29c5f7e3c102b83576e3f3c40b7d3a5bc4:design-system/copy.md ; klappy/3d-review-cookbook@f30fc2cd8a4cf57761ce9560177b41506e98bb32:planning/2026-09-16-parity-build/prd/18-A-shared-link-contract.md	Hand-authored file at recorded app provenance; no maintained executable cookbook producer identified.		klappy/3d-review-app@a57ba930ced3c23616982c7dab291949b75a3b8a:ui/index.html; lasttouch22307bdd515ec631663685947abc4d9c1aa1fd0e; blob356cf63229f7d7e2815c3bf6f08b2456029d107d	G06	Shell DOM IDs/state panels differ from designkit; matching copy strings do not supply HTML.
ui/language.js	100644	c70ac999e494ed7f29b80704c59f27828cb939bd77c4fa62c2c1b34a9ca29f8a	UNSPECIFIED	not_in_stitch_table	missing	klappy/3d-review-cookbook@41a4ee29c5f7e3c102b83576e3f3c40b7d3a5bc4:design-system/copy.md ; klappy/3d-review-cookbook@f30fc2cd8a4cf57761ce9560177b41506e98bb32:planning/2026-09-16-parity-build/prd/18-A-shared-link-contract.md	Hand-authored file at recorded app provenance; no maintained executable cookbook producer identified.		klappy/3d-review-app@a57ba930ced3c23616982c7dab291949b75a3b8a:ui/language.js; lasttouchc4b1df5ae8c38bcbe9df1142bc10224e4992b249; blob096da4bfe4569235b2bc3ec0701501fc81965428	G06	No matching maintained shipped-shell source/behavior specification located; designkit is distinct. as ui/app.js
ui/language.test.mjs	100644	0719219760ab7fd6ca98e21792897b4ee006193e96ad647eb6d52d49542a0c3b	UNSPECIFIED	not_in_stitch_table	missing	klappy/3d-review-cookbook@41a4ee29c5f7e3c102b83576e3f3c40b7d3a5bc4:design-system/copy.md ; klappy/3d-review-cookbook@f30fc2cd8a4cf57761ce9560177b41506e98bb32:planning/2026-09-16-parity-build/prd/18-A-shared-link-contract.md	Hand-authored file at recorded app provenance; no maintained executable cookbook producer identified.	./language.js ; node:assert/strict ; node:test	klappy/3d-review-app@a57ba930ced3c23616982c7dab291949b75a3b8a:ui/language.test.mjs; lasttouchc4b1df5ae8c38bcbe9df1142bc10224e4992b249; blobcb2c83edba54973a7a8b55c87524280b9aac6c2f	G06	No matching maintained shipped-shell source/behavior specification located; designkit is distinct. node test for shell; not in cookbook
ui/participant-dom.test.mjs	100644	f075937ce3cc0b1f77383e1e0c17a488bda6e8dc32351f417fba02398c845434	NEW_SINCE_117	UNSPECIFIED	partial	klappy/3d-review-cookbook@f30fc2cd8a4cf57761ce9560177b41506e98bb32:planning/2026-09-16-parity-build/prd/18-A-shared-link-contract.md ; klappy/3d-review-cookbook@41a4ee29c5f7e3c102b83576e3f3c40b7d3a5bc4:design-system/copy.md	Hand-authored file at recorded app provenance; no maintained executable cookbook producer identified.	./participant-resume.js ; ./present.js ; ./shared-link.js ; ./visibility.js ; node:assert/strict ; node:fs ; node:test ; node:vm	klappy/3d-review-app@a57ba930ced3c23616982c7dab291949b75a3b8a:ui/participant-dom.test.mjs; lasttoucha281c77136d0e330cc92d22e56f6c5810f7c89ee; blob0cb6399a2cd1884ac820cc068abc0afd8017b0c7	G06	Recovered legacy DOM assertions not exact cookbook testsource.
ui/participant-resume.js	100644	c9c4bc83e07b1bb484e7cd9daae6eba967c9023223e69c279898417fc981c4d2	UNSPECIFIED	not_in_stitch_table	partial	klappy/3d-review-cookbook@f30fc2cd8a4cf57761ce9560177b41506e98bb32:planning/2026-09-16-parity-build/prd/18-A-shared-link-contract.md ; klappy/3d-review-cookbook@41a4ee29c5f7e3c102b83576e3f3c40b7d3a5bc4:design-system/copy.md	Hand-authored file at recorded app provenance; no maintained executable cookbook producer identified.		klappy/3d-review-app@a57ba930ced3c23616982c7dab291949b75a3b8a:ui/participant-resume.js; lasttoucha281c77136d0e330cc92d22e56f6c5810f7c89ee; blobd2a5af72fd77879396a612a0010839f808da6f05	G06	Legacy resume recovered fromcf143f3; shared-mode module owns namespacedstate and bypasses globals.
ui/participant-resume.test.mjs	100644	f7ca9737c6a691ae29d89a003a0a7f506d84f34d706a0562c0c636799dd895a8	UNSPECIFIED	not_in_stitch_table	partial	klappy/3d-review-cookbook@f30fc2cd8a4cf57761ce9560177b41506e98bb32:planning/2026-09-16-parity-build/prd/18-A-shared-link-contract.md ; klappy/3d-review-cookbook@41a4ee29c5f7e3c102b83576e3f3c40b7d3a5bc4:design-system/copy.md	Hand-authored file at recorded app provenance; no maintained executable cookbook producer identified.	./participant-resume.js ; node:assert/strict ; node:test	klappy/3d-review-app@a57ba930ced3c23616982c7dab291949b75a3b8a:ui/participant-resume.test.mjs; lasttoucha281c77136d0e330cc92d22e56f6c5810f7c89ee; blob87c170f44c992636bb3f9a620ef76a3a7cb53e42	G06	Legacy recovery invariants must remain isolated from shared-mode behavior.
ui/present.js	100644	3bfa07837523ea6c3f3e2357807dd74497f9559d8a5792c48eab4293753bf2e2	UNSPECIFIED	not_in_stitch_table	missing	klappy/3d-review-cookbook@41a4ee29c5f7e3c102b83576e3f3c40b7d3a5bc4:design-system/copy.md ; klappy/3d-review-cookbook@f30fc2cd8a4cf57761ce9560177b41506e98bb32:planning/2026-09-16-parity-build/prd/18-A-shared-link-contract.md	Hand-authored file at recorded app provenance; no maintained executable cookbook producer identified.		klappy/3d-review-app@a57ba930ced3c23616982c7dab291949b75a3b8a:ui/present.js; lasttoucha4508a3b312bf018de83deffcd8e346a2b4ac544; bloba1b3dada444fd11bc2e2d872d48ee4db45f85d80	G06	No matching maintained shipped-shell source/behavior specification located; designkit is distinct. not in cookbook
ui/present.test.mjs	100644	b5f2da874aa61e34f0210a0692be1311d9aaa307c56f6d32083daf3964f8c4a5	UNSPECIFIED	not_in_stitch_table	missing	klappy/3d-review-cookbook@41a4ee29c5f7e3c102b83576e3f3c40b7d3a5bc4:design-system/copy.md ; klappy/3d-review-cookbook@f30fc2cd8a4cf57761ce9560177b41506e98bb32:planning/2026-09-16-parity-build/prd/18-A-shared-link-contract.md	Hand-authored file at recorded app provenance; no maintained executable cookbook producer identified.	./present.js ; node:assert/strict ; node:test	klappy/3d-review-app@a57ba930ced3c23616982c7dab291949b75a3b8a:ui/present.test.mjs; lasttoucha4508a3b312bf018de83deffcd8e346a2b4ac544; blobcd95dee5210289cf59b3b251239eca0d85c59c51	G06	No matching maintained shipped-shell source/behavior specification located; designkit is distinct. not in cookbook
ui/server.mjs	100644	e319c34ced9e41840efbb92245f6adfaaed48cd7225cab106c3b742c7fd732bd	UNSPECIFIED	not_in_stitch_table	missing	klappy/3d-review-cookbook@41a4ee29c5f7e3c102b83576e3f3c40b7d3a5bc4:design-system/copy.md ; klappy/3d-review-cookbook@f30fc2cd8a4cf57761ce9560177b41506e98bb32:planning/2026-09-16-parity-build/prd/18-A-shared-link-contract.md	Hand-authored file at recorded app provenance; no maintained executable cookbook producer identified.	node:fs/promises ; node:http ; node:path ; node:url	klappy/3d-review-app@a57ba930ced3c23616982c7dab291949b75a3b8a:ui/server.mjs; lasttouch61c21dc7c8cad165c4eb7125fcbc825cf5516991; blob7a94ea3fb4ef1110e88b601bedd596e4fdf549c9	G06	No matching maintained shipped-shell source/behavior specification located; designkit is distinct. local proxy fallback; excluded by .assetsignore
ui/shared-link.js	100644	a52f7c7314402432f79cb4d504830cdf33eb6212cb7ea6805200aab23e791421	NEW_SINCE_117	not_in_stitch_table	partial	klappy/3d-review-cookbook@f30fc2cd8a4cf57761ce9560177b41506e98bb32:planning/2026-09-16-parity-build/prd/18-A-shared-link-contract.md ; klappy/3d-review-cookbook@41a4ee29c5f7e3c102b83576e3f3c40b7d3a5bc4:design-system/copy.md	Hand-authored file at recorded app provenance; no maintained executable cookbook producer identified.		klappy/3d-review-app@a57ba930ced3c23616982c7dab291949b75a3b8a:ui/shared-link.js; lasttouchbefe794497515684656b93e21570d9749349ab5b; blobe368d02aeee2fab74281807d2ced0071f8948695	G06 ; G10 ; G13	Namespacedstorage/draft/key and befe794 distinct receiptprobe error kinds; no automaticfreshopen/Nextperson.
ui/style.css	100644	f77d10a485c694d789038f6ed7f9b096fda1a9eb04b29244de70c4af65c1a320	UNSPECIFIED	not_in_stitch_table	missing	klappy/3d-review-cookbook@41a4ee29c5f7e3c102b83576e3f3c40b7d3a5bc4:design-system/copy.md ; klappy/3d-review-cookbook@f30fc2cd8a4cf57761ce9560177b41506e98bb32:planning/2026-09-16-parity-build/prd/18-A-shared-link-contract.md	Hand-authored file at recorded app provenance; no maintained executable cookbook producer identified.		klappy/3d-review-app@a57ba930ced3c23616982c7dab291949b75a3b8a:ui/style.css; lasttouchc4b1df5ae8c38bcbe9df1142bc10224e4992b249; blob15416d643f4203de5cfcd7627562f32001d8bd12	G06	No matching maintained shipped-shell source/behavior specification located; designkit is distinct. 1.8 KB shell CSS; design-system tokens.css is the specified look, not this
ui/visibility.js	100644	e01d367f80c7dcc0f5c3c57840962b1fe72fb2683d7a04c9b1ab315a65b92365	UNSPECIFIED	not_in_stitch_table	missing	klappy/3d-review-cookbook@41a4ee29c5f7e3c102b83576e3f3c40b7d3a5bc4:design-system/copy.md ; klappy/3d-review-cookbook@f30fc2cd8a4cf57761ce9560177b41506e98bb32:planning/2026-09-16-parity-build/prd/18-A-shared-link-contract.md	Hand-authored file at recorded app provenance; no maintained executable cookbook producer identified.		klappy/3d-review-app@a57ba930ced3c23616982c7dab291949b75a3b8a:ui/visibility.js; lasttouchc4b1df5ae8c38bcbe9df1142bc10224e4992b249; blobe54230397e5edba9ebdc5a8a6f9243350551de30	G06	No matching maintained shipped-shell source/behavior specification located; designkit is distinct. not in cookbook
ui/visibility.test.mjs	100644	ca3a81917100209c6f0e6c9c1cb8eec76a5c4e4a39694bf04f6f07dc9863a4bf	UNSPECIFIED	not_in_stitch_table	missing	klappy/3d-review-cookbook@41a4ee29c5f7e3c102b83576e3f3c40b7d3a5bc4:design-system/copy.md ; klappy/3d-review-cookbook@f30fc2cd8a4cf57761ce9560177b41506e98bb32:planning/2026-09-16-parity-build/prd/18-A-shared-link-contract.md	Hand-authored file at recorded app provenance; no maintained executable cookbook producer identified.	./visibility.js ; node:assert/strict ; node:test	klappy/3d-review-app@a57ba930ced3c23616982c7dab291949b75a3b8a:ui/visibility.test.mjs; lasttouchc4b1df5ae8c38bcbe9df1142bc10224e4992b249; blobfdc01dddbe15e37798ad8a88fca761d473ad9329	G06	No matching maintained shipped-shell source/behavior specification located; designkit is distinct. not in cookbook
vitest.config.ts	100644	4cfe3ec921fd2ffdc30fd94b6b2f9a03ac395497c072e0bc31927d26b744f8f1	UNSPECIFIED	not_in_stitch_table	partial	klappy/3d-review-cookbook@2e8f76b48902b19bb52aa803102caacd661bacde:planning/2026-09-16-parity-build/prd/18-I-testing.md ; klappy/3d-review-cookbook@2e8f76b48902b19bb52aa803102caacd661bacde:planning/2026-09-16-parity-build/prd/18-D-mcp.md	Hand-authored file at recorded app provenance; no maintained executable cookbook producer identified.	node:fs ; vitest/config	klappy/3d-review-app@a57ba930ced3c23616982c7dab291949b75a3b8a:vitest.config.ts; lasttouch91d23fef2b6b37e37e706993755fc78ed60dbf79; blobb15598d5140e26361e8c5300013ec2c2f2ebe63e	G02	Text asset plugin/cloudflare stub/test includes app-only; exact configuration template needed.
wrangler.toml	100644	867477305a6e52962a44c3d89e5f39edc7d792e10fd734b91a9d8bcae9355a1c	PARTIAL / EXTERNAL-INPUT (undeclared)	not_in_stitch_table	partial	klappy/3d-review-cookbook@2e8f76b48902b19bb52aa803102caacd661bacde:planning/2026-09-16-parity-build/prd/18-D-mcp.md ; klappy/3d-review-cookbook@ecab91ae12f7361f1b8d273b15c095c681a67445:planning/2026-09-16-parity-build/operations/A8-DEV-PRODUCTION.md ; klappy/3d-review-cookbook@ecab91ae12f7361f1b8d273b15c095c681a67445:planning/2026-09-16-parity-build/prd/18-H-infra.md	Hand-authored file at recorded app provenance; no maintained executable cookbook producer identified.		klappy/3d-review-app@a57ba930ced3c23616982c7dab291949b75a3b8a:wrangler.toml; lasttoucha3defc04677585acaa547492634bb50d5a927c2e; blobdd604cd33b6a61d6eea8b670f1f4d28b589da66b	G02 ; G08	Executed config86747730 includes AuthKV/five distinctlimiters plusDEV/prod bindings. A8 executable comments were NOT folded; actual provider topology overrides historical comments.
